person,name,party,99_vote,103_vote,104_vote,105_vote,107_vote,108_vote,125_vote,22_vote,30_vote,vote_18,vote_36,vote_31,vote_74,vote_120,vote_81,vote_116,vote_118,vote_123,vote_43,vote_64,vote_10,,,,,
400004,Rep. Robert Aderholt [R],Republican,-1,-1,-1,-1,-1,-1,1,-1,1,-1,-1,-1,-1,-1,-1,-1,-1,-1,-1,-1,-1,,,,,
400030,Rep. Sanford Bishop Jr. [D],Democrat,1,1,1,1,1,1,1,1,-1,1,1,1,1,1,1,1,1,1,1,1,1,,,,,
400033,Rep. Earl Blumenauer [D],Democrat,1,1,1,1,1,1,1,1,-1,1,1,1,1,1,1,1,1,1,1,1,1,,,,,
400046,Rep. Kevin Brady [R],Republican,0,-1,-1,-1,-1,0,1,-1,1,-1,-1,-1,-1,-1,-1,-1,-1,-1,-1,-1,-1,,,,,
400052,Rep. Michael Burgess [R],Republican,-1,-1,-1,-1,-1,1,0,-1,1,-1,-1,-1,-1,-1,-1,-1,-1,-1,-1,0,-1,,,,,
400057,Rep. Ken Calvert [R],Republican,-1,1,-1,-1,-1,1,1,-1,1,-1,-1,-1,-1,-1,-1,-1,-1,-1,-1,-1,-1,,,,,
400068,Rep. John Carter [R],Republican,-1,-1,-1,-1,-1,1,1,-1,1,-1,-1,-1,-1,-1,-1,-1,-1,-1,-1,-1,-1,,,,,
400069,Rep. Ed Case [D],Democrat,1,1,1,-1,1,1,1,1,-1,1,1,1,1,1,1,1,1,1,1,1,1,,,,,
400071,Rep. Steve Chabot [R],Republican,-1,-1,-1,-1,-1,-1,1,-1,1,-1,-1,-1,-1,-1,-1,-1,-1,-1,-1,-1,-1,,,,,
400075,Rep. James “Jim” Clyburn [D],Democrat,1,1,1,1,1,1,1,1,-1,1,1,1,1,1,1,1,1,1,1,1,1,,,,,
400077,Rep. Tom Cole [R],Republican,-1,-1,-1,-1,-1,1,1,-1,1,-1,-1,-1,-1,-1,-1,-1,-1,-1,-1,-1,-1,,,,,
400081,Rep. Jim Cooper [D],Democrat,1,1,1,1,1,1,1,1,-1,1,1,1,1,1,1,1,1,1,1,1,1,,,,,
400093,Rep. Danny Davis [D],Democrat,1,1,1,1,1,1,1,1,-1,1,1,1,1,1,1,1,1,1,1,1,1,,,,,
400100,Rep. Peter DeFazio [D],Democrat,1,1,1,1,1,1,1,1,-1,1,1,1,1,1,1,1,1,1,1,1,1,,,,,
400101,Rep. Diana DeGette [D],Democrat,1,1,1,1,1,1,1,1,-1,1,1,1,1,1,1,1,1,1,1,1,1,,,,,
400103,Rep. Rosa DeLauro [D],Democrat,1,1,1,1,1,1,1,1,-1,1,1,1,1,1,1,1,1,1,1,1,1,,,,,
400108,Rep. Mario Diaz-Balart [R],Republican,-1,-1,-1,-1,-1,1,1,-1,1,-1,-1,-1,-1,-1,-1,-1,-1,-1,-1,-1,-1,,,,,
400111,Rep. Lloyd Doggett [D],Democrat,1,1,1,1,1,1,1,1,-1,1,1,1,1,1,1,1,1,1,1,1,1,,,,,
400114,Rep. Michael Doyle [D],Democrat,1,1,1,1,1,1,1,1,-1,1,1,1,1,1,1,1,1,1,1,1,1,,,,,
400124,Rep. Anna Eshoo [D],Democrat,1,1,1,1,1,1,1,1,-1,1,1,1,1,1,1,1,1,1,1,1,1,,,,,
400157,Rep. Kay Granger [R],Republican,-1,-1,-1,-1,-1,1,1,-1,1,-1,-1,-1,-1,-1,-1,-1,-1,-1,-1,-1,-1,,,,,
400158,Rep. Sam Graves [R],Republican,-1,1,-1,-1,-1,1,1,-1,1,-1,-1,-1,-1,-1,-1,-1,-1,-1,-1,-1,-1,,,,,
400162,Rep. Raúl Grijalva [D],Democrat,1,1,1,1,1,0,1,1,-1,1,1,1,1,1,1,1,1,1,1,1,1,,,,,
400189,Rep. Steny Hoyer [D],Democrat,1,1,1,1,1,1,1,1,-1,1,1,1,1,1,1,1,1,1,1,1,1,,,,,
400196,Rep. Darrell Issa [R],Republican,-1,-1,-1,-1,-1,1,1,-1,1,-1,-1,-1,-1,-1,-1,-1,-1,-1,-1,-1,-1,,,,,
400199,Rep. Sheila Jackson Lee [D],Democrat,1,1,1,1,1,1,1,1,-1,1,1,1,1,1,1,1,1,1,1,1,1,,,,,
400204,Rep. Eddie Johnson [D],Democrat,1,1,1,1,1,1,1,1,-1,1,1,1,1,1,1,1,1,1,1,1,1,,,,,
400211,Rep. Marcy Kaptur [D],Democrat,1,1,1,1,1,1,1,1,-1,1,1,1,1,1,1,1,1,1,1,1,1,,,,,
400218,Rep. Ron Kind [D],Democrat,1,1,1,1,1,1,1,1,-1,1,1,1,1,1,1,1,1,1,1,1,1,,,,,
400230,Rep. James “Jim” Langevin [D],Democrat,1,1,1,1,1,1,1,1,-1,1,1,1,1,1,1,1,1,1,1,1,1,,,,,
400232,Rep. Rick Larsen [D],Democrat,1,1,1,1,1,1,1,1,-1,1,1,1,1,1,1,1,1,1,1,1,1,,,,,
400233,Rep. John Larson [D],Democrat,1,1,1,1,1,1,1,1,-1,1,1,1,1,1,1,1,1,1,1,1,1,,,,,
400237,Rep. Barbara Lee [D],Democrat,1,1,1,1,1,1,1,1,-1,1,1,1,1,1,1,1,1,1,1,1,1,,,,,
400245,Rep. Zoe Lofgren [D],Democrat,1,1,1,1,1,1,1,1,-1,1,1,1,1,1,1,1,1,1,1,1,1,,,,,
400247,Rep. Frank Lucas [R],Republican,-1,-1,-1,-1,-1,-1,1,-1,1,-1,-1,-1,-1,-1,-1,-1,-1,-1,-1,-1,-1,,,,,
400249,Rep. Stephen Lynch [D],Democrat,1,1,1,1,1,1,1,1,-1,1,1,1,1,1,1,1,1,1,1,1,1,,,,,
400251,Rep. Carolyn Maloney [D],Democrat,1,1,1,1,1,1,1,1,-1,1,1,1,1,1,1,1,1,1,1,1,1,,,,,
400259,Rep. Betty McCollum [D],Democrat,1,1,1,1,1,1,1,1,-1,1,1,1,1,1,1,1,1,1,1,1,1,,,,,
400263,Rep. James “Jim” McGovern [D],Democrat,1,1,1,1,1,1,1,1,-1,1,1,1,1,1,1,1,1,1,1,1,1,,,,,
400271,Rep. Gregory Meeks [D],Democrat,1,1,1,1,1,0,1,1,-1,1,1,1,1,1,1,1,1,1,1,1,1,,,,,
400289,Rep. Jerrold Nadler [D],Democrat,1,1,1,1,1,0,1,1,-1,1,1,1,1,1,1,1,1,1,1,1,1,,,,,
400290,Rep. Grace Napolitano [D],Democrat,1,1,1,1,1,1,1,1,-1,1,1,1,1,1,1,1,1,1,1,1,1,,,,,
400291,Rep. Richard Neal [D],Democrat,1,1,1,1,1,1,1,1,-1,1,1,1,1,1,1,1,1,1,1,1,1,,,,,
400308,Rep. Frank Pallone Jr. [D],Democrat,1,1,1,1,1,1,1,1,-1,1,1,1,1,1,1,1,1,1,1,1,1,,,,,
400309,Rep. Bill Pascrell Jr. [D],Democrat,1,1,1,1,1,1,1,1,-1,1,1,1,1,1,1,1,1,1,1,1,1,,,,,
400326,Rep. David Price [D],Democrat,1,1,1,1,1,1,1,1,-1,1,1,1,1,1,1,1,1,1,1,1,1,,,,,
400340,Rep. Harold “Hal” Rogers [R],Republican,-1,-1,-1,-1,-1,1,1,-1,1,-1,-1,-1,-1,-1,-1,-1,-1,-1,-1,-1,1,,,,,
400341,Rep. Mike Rogers [R],Republican,-1,-1,-1,-1,-1,1,1,-1,1,-1,-1,-1,-1,-1,-1,-1,-1,-1,-1,-1,-1,,,,,
400347,Rep. Lucille Roybal-Allard [D],Democrat,1,1,1,1,1,1,1,1,-1,1,1,1,1,1,1,1,1,1,1,1,0,,,,,
400349,Rep. A. Dutch Ruppersberger [D],Democrat,1,1,1,1,1,1,1,1,-1,1,1,1,1,1,1,1,1,1,1,1,1,,,,,
400350,Rep. Bobby Rush [D],Democrat,1,1,1,1,1,1,1,1,-1,1,1,1,1,1,1,1,1,1,1,1,1,,,,,
400352,Rep. Tim Ryan [D],Democrat,1,1,1,1,1,1,1,1,-1,1,1,1,1,1,1,1,1,1,1,1,1,,,,,
400355,Rep. Linda Sánchez [D],Democrat,1,1,1,1,1,1,1,1,-1,1,1,1,1,1,1,1,1,1,1,1,1,,,,,
400360,Rep. Janice “Jan” Schakowsky [D],Democrat,1,1,1,1,1,1,1,1,-1,1,1,1,1,1,1,1,1,1,1,1,1,,,,,
400361,Rep. Adam Schiff [D],Democrat,1,1,1,1,1,1,1,1,-1,1,1,1,1,1,1,1,1,1,1,1,1,,,,,
400363,Rep. David Scott [D],Democrat,1,1,1,1,1,1,1,1,-1,1,1,1,1,1,1,1,1,1,1,1,1,,,,,
400364,Rep. Robert “Bobby” Scott [D],Democrat,1,1,1,1,1,1,1,1,-1,1,1,1,1,1,1,1,1,1,1,1,1,,,,,
400367,Rep. Pete Sessions [R],Republican,-1,-1,-1,-1,-1,-1,1,-1,1,-1,-1,-1,-1,-1,-1,-1,-1,-1,-1,-1,1,,,,,
400371,Rep. Brad Sherman [D],Democrat,1,1,1,1,1,1,1,1,-1,1,1,1,1,1,1,1,1,1,1,1,-1,,,,,
400376,Rep. Michael “Mike” Simpson [R],Republican,-1,-1,-1,-1,-1,-1,1,-1,1,-1,-1,-1,-1,-1,-1,-1,-1,-1,-1,-1,1,,,,,
400379,Rep. Adam Smith [D],Democrat,1,1,1,1,1,1,1,1,-1,1,1,1,1,1,1,1,1,1,1,1,-1,,,,,
400380,Rep. Christopher “Chris” Smith [R],Republican,-1,1,-1,-1,-1,1,1,-1,1,-1,-1,-1,-1,-1,-1,-1,-1,-1,-1,-1,1,,,,,
400402,Rep. Bennie Thompson [D],Democrat,1,1,1,1,1,1,1,1,-1,1,1,1,1,1,1,1,1,1,1,1,-1,,,,,
400403,Rep. Mike Thompson [D],Democrat,1,1,1,1,1,1,1,1,-1,1,1,1,1,1,1,1,1,1,1,1,1,,,,,
400411,Rep. Michael Turner [R],Republican,-1,-1,-1,-1,-1,1,1,-1,1,-1,-1,-1,-1,-1,-1,-1,-1,-1,-1,-1,1,,,,,
400414,Rep. Fred Upton [R],Republican,-1,1,1,-1,-1,1,1,-1,1,-1,-1,-1,-1,-1,-1,-1,-1,-1,-1,-1,-1,,,,,
400416,Rep. Nydia Velázquez [D],Democrat,1,1,1,1,1,1,1,1,-1,1,1,1,1,1,1,1,1,1,1,1,-1,,,,,
400422,Rep. Maxine Waters [D],Democrat,1,1,1,1,1,1,1,1,-1,1,1,1,1,1,1,1,1,1,1,1,1,,,,,
400433,Rep. Joe Wilson [R],Republican,-1,-1,-1,-1,-1,-1,1,-1,1,-1,-1,-1,-1,-1,-1,0,-1,-1,-1,-1,1,,,,,
400616,Rep. George “G.K.” Butterfield Jr. [D],Democrat,1,1,1,1,1,1,1,1,-1,1,1,1,1,1,1,1,1,1,1,1,-1,,,,,
400618,Rep. Jim Costa [D],Democrat,1,1,1,1,1,1,1,1,-1,1,1,1,1,1,1,1,1,1,1,1,1,,,,,
400623,Rep. Debbie Wasserman Schultz [D],Democrat,1,1,1,1,1,1,1,1,-1,1,1,1,1,1,1,1,1,1,1,1,1,,,,,
400639,Rep. Emanuel Cleaver II [D],Democrat,1,1,1,1,1,1,1,1,-1,1,1,1,1,1,1,1,1,1,1,1,1,,,,,
400641,Rep. Brian Higgins [D],Democrat,1,1,1,1,1,1,1,1,-1,1,1,1,1,1,1,1,1,1,1,1,1,,,,,
400643,Rep. Virginia Foxx [R],Republican,-1,-1,-1,-1,-1,-1,1,-1,1,-1,-1,-1,-1,-1,-1,-1,-1,-1,-1,-1,1,,,,,
400644,Rep. Patrick McHenry [R],Republican,-1,-1,-1,-1,-1,1,1,-1,1,-1,-1,-1,-1,-1,-1,-1,-1,-1,-1,-1,-1,,,,,
400651,Rep. Louie Gohmert Jr. [R],Republican,-1,-1,-1,-1,-1,-1,1,-1,1,-1,-1,-1,-1,-1,-1,-1,-1,-1,-1,-1,-1,,,,,
400653,Rep. Al Green [D],Democrat,1,1,1,1,1,1,1,1,-1,1,1,1,1,1,1,1,1,1,1,1,-1,,,,,
400654,Rep. Michael McCaul [R],Republican,-1,-1,-1,-1,-1,1,1,-1,1,-1,-1,-1,-1,-1,-1,-1,-1,-1,-1,0,1,,,,,
400657,Rep. Henry Cuellar [D],Democrat,1,1,1,1,-1,1,1,1,-1,1,1,1,1,1,1,1,1,1,1,1,-1,,,,,
400659,Rep. Cathy Rodgers [R],Republican,-1,-1,-1,-1,-1,1,0,-1,1,-1,-1,-1,-1,-1,-1,-1,-1,-1,-1,-1,1,,,,,
400661,Rep. Gwen Moore [D],Democrat,1,1,1,1,1,1,1,1,-1,1,1,1,1,1,1,1,1,1,1,1,-1,,,,,
400663,Rep. Doris Matsui [D],Democrat,1,1,1,1,1,1,1,1,-1,1,1,1,1,1,1,1,1,1,1,1,1,,,,,
407672,Rep. Kweisi Mfume [D],Democrat,1,1,1,1,1,1,1,1,-1,1,1,1,1,1,1,1,1,1,1,1,1,,,,,
412186,Rep. Albio Sires [D],Democrat,1,1,1,1,1,1,1,1,-1,1,1,1,1,1,1,1,1,1,1,1,1,,,,,
412189,Rep. Jerry McNerney [D],Democrat,1,1,1,1,1,1,1,1,-1,1,1,1,1,1,1,1,1,1,1,1,1,,,,,
412190,Rep. Kevin McCarthy [R],Republican,-1,-1,-1,-1,-1,1,1,-1,1,-1,-1,-1,-1,-1,-1,-1,-1,-1,-1,-1,1,,,,,
412191,Rep. Doug Lamborn [R],Republican,-1,1,-1,-1,-1,1,1,-1,1,-1,-1,-1,-1,-1,-1,-1,-1,-1,-1,-1,-1,,,,,
412192,Rep. Ed Perlmutter [D],Democrat,1,1,1,1,1,1,1,1,-1,1,1,1,1,1,1,1,1,1,1,1,-1,,,,,
412193,Rep. Joe Courtney [D],Democrat,1,1,1,1,1,1,1,1,-1,1,1,1,1,1,1,1,1,1,1,1,1,,,,,
412195,Rep. Kathy Castor [D],Democrat,1,1,1,1,1,1,1,1,-1,1,1,1,1,1,1,0,1,1,1,1,1,,,,,
412196,Rep. Vern Buchanan [R],Republican,-1,-1,-1,-1,-1,-1,1,0,1,-1,-1,-1,-1,-1,-1,-1,-1,-1,-1,-1,1,,,,,
412199,Rep. Henry “Hank” Johnson Jr. [D],Democrat,1,1,1,1,1,1,1,1,-1,1,1,1,1,1,1,1,0,1,1,1,-1,,,,,
412211,Rep. John Yarmuth [D],Democrat,1,1,1,1,1,1,1,1,-1,1,1,1,1,1,1,1,1,1,1,1,1,,,,,
412212,Rep. John Sarbanes [D],Democrat,1,1,1,1,1,1,1,1,-1,1,1,1,1,1,1,1,1,1,1,1,1,,,,,
412213,Rep. Tim Walberg [R],Republican,-1,-1,-1,-1,-1,1,1,-1,1,-1,-1,-1,-1,-1,-1,-1,-1,-1,-1,-1,1,,,,,
412217,Rep. Adrian Smith [R],Republican,-1,0,-1,-1,-1,-1,1,-1,1,-1,-1,-1,-1,-1,-1,-1,-1,-1,-1,-1,-1,,,,,
412221,Rep. Yvette Clarke [D],Democrat,1,1,1,1,1,1,1,1,-1,1,1,1,1,1,1,1,1,1,1,1,-1,,,,,
412226,Rep. Jim Jordan [R],Republican,-1,-1,-1,-1,-1,-1,1,-1,1,-1,-1,-1,-1,-1,-1,-1,-1,-1,-1,-1,1,,,,,
412236,Rep. Steve Cohen [D],Democrat,1,-1,1,1,1,1,1,1,-1,1,1,1,1,1,1,1,1,1,1,1,-1,,,,,
412239,Rep. Peter Welch [D],Democrat,1,1,1,1,1,1,1,1,-1,1,1,1,1,1,1,1,1,1,1,1,1,,,,,
412250,Rep. Gus Bilirakis [R],Republican,-1,-1,-1,-1,-1,1,1,-1,1,-1,-1,-1,-1,-1,-1,-1,-1,-1,-1,-1,1,,,,,
412255,Rep. Robert Wittman [R],Republican,-1,-1,-1,-1,-1,1,0,-1,1,-1,-1,-1,-1,-1,-1,-1,-1,0,-1,-1,-1,,,,,
412256,Rep. Robert Latta [R],Republican,-1,-1,-1,-1,-1,-1,1,-1,1,-1,-1,-1,-1,-1,-1,-1,-1,-1,-1,-1,-1,,,,,
412257,Rep. Bill Foster [D],Democrat,1,0,1,1,1,1,1,-1,-1,1,1,1,1,1,1,1,1,1,1,1,-1,,,,,
412258,Rep. André Carson [D],Democrat,1,1,1,1,1,1,1,1,-1,1,1,1,1,1,1,1,1,1,1,1,1,,,,,
412259,Rep. Jackie Speier [D],Democrat,1,1,1,1,1,1,1,1,-1,1,1,1,1,1,1,1,1,1,1,1,1,,,,,
412261,Rep. Steve Scalise [R],Republican,-1,-1,-1,-1,-1,1,1,-1,1,-1,-1,-1,-1,-1,-1,-1,-1,-1,-1,-1,1,,,,,
412272,Rep. Gerald Connolly [D],Democrat,1,1,1,1,1,1,1,1,-1,1,1,1,1,1,1,1,1,1,1,1,-1,,,,,
412278,Rep. Brett Guthrie [R],Republican,-1,-1,-1,-1,-1,1,1,-1,1,-1,-1,-1,-1,-1,-1,-1,-1,-1,-1,-1,1,,,,,
412282,Rep. James “Jim” Himes [D],Democrat,1,1,1,1,1,1,1,1,-1,1,1,1,1,1,1,1,1,-1,1,1,-1,,,,,
412286,Rep. Ann Kirkpatrick [D],Democrat,1,1,1,1,1,1,1,1,-1,1,1,1,1,1,1,1,1,1,1,1,1,,,,,
412292,Rep. Blaine Luetkemeyer [R],Republican,-1,-1,-1,-1,-1,1,1,-1,1,-1,-1,-1,-1,-1,-1,-1,-1,-1,-1,-1,1,,,,,
412295,Rep. Tom McClintock [R],Republican,-1,1,-1,-1,1,1,1,-1,1,-1,-1,-1,-1,-1,-1,-1,-1,-1,-1,-1,-1,,,,,
412307,Rep. Chellie Pingree [D],Democrat,1,1,1,1,1,1,1,1,-1,1,1,1,1,1,1,1,1,1,1,1,0,,,,,
412309,Rep. Bill Posey [R],Republican,-1,-1,-1,-1,-1,-1,1,-1,1,-1,-1,-1,-1,-1,-1,-1,-1,-1,-1,-1,1,,,,,
412315,Rep. Kurt Schrader [D],Democrat,1,1,1,1,1,1,1,1,-1,1,1,1,1,1,1,1,1,1,1,1,-1,,,,,
412317,Rep. Glenn Thompson [R],Republican,-1,0,-1,-1,-1,1,1,-1,1,-1,-1,-1,-1,-1,-1,-1,-1,-1,-1,-1,1,,,,,
412318,Rep. Dina Titus [D],Democrat,1,1,1,1,1,1,1,1,-1,1,1,1,1,1,1,1,1,1,1,1,-1,,,,,
412319,Rep. Paul Tonko [D],Democrat,0,1,1,1,1,1,1,1,-1,1,1,1,1,1,1,1,1,1,1,1,1,,,,,
412331,Rep. Mike Quigley [D],Democrat,1,1,1,1,1,1,1,1,-1,1,1,1,1,1,1,1,1,1,1,1,1,,,,,
412379,Rep. Judy Chu [D],Democrat,1,1,1,1,1,1,1,1,-1,1,1,1,1,1,1,1,1,1,1,1,1,,,,,
412382,Rep. John Garamendi [D],Democrat,1,1,1,1,1,1,1,1,-1,1,1,1,1,1,1,1,1,1,1,1,1,,,,,
412385,Rep. Theodore “Ted” Deutch [D],Democrat,1,1,1,1,1,1,1,1,-1,1,1,1,1,1,1,1,1,1,1,1,1,,,,,
412393,Rep. Tom Reed [R],Republican,-1,1,1,-1,-1,1,1,-1,1,-1,-1,-1,-1,-1,-1,-1,-1,1,1,-1,1,,,,,
412395,Rep. Mo Brooks [R],Republican,-1,-1,-1,-1,-1,1,1,-1,1,-1,-1,-1,-1,-1,-1,-1,-1,-1,-1,-1,-1,,,,,
412396,Rep. Terri Sewell [D],Democrat,1,1,1,1,1,1,1,1,-1,1,1,1,1,1,1,1,1,1,1,1,-1,,,,,
412397,Rep. Paul Gosar [R],Republican,-1,-1,-1,-1,-1,-1,-1,-1,1,-1,-1,-1,-1,-1,-1,-1,-1,-1,-1,-1,1,,,,,
412399,Rep. David Schweikert [R],Republican,-1,-1,-1,-1,-1,1,1,-1,1,-1,-1,-1,-1,-1,-1,-1,-1,-1,-1,-1,-1,,,,,
412400,Rep. Eric “Rick” Crawford [R],Republican,-1,-1,-1,-1,-1,-1,1,-1,1,-1,-1,-1,-1,-1,-1,-1,-1,-1,-1,-1,-1,,,,,
412402,Rep. Steve Womack [R],Republican,-1,-1,-1,-1,-1,1,1,-1,1,-1,-1,-1,-1,-1,-1,-1,-1,-1,-1,-1,-1,,,,,
412404,Rep. Karen Bass [D],Democrat,1,1,1,1,1,1,1,1,-1,1,1,1,1,1,1,1,1,1,1,1,-1,,,,,
412410,Rep. Daniel Webster [R],Republican,-1,-1,-1,-1,-1,-1,1,-1,1,-1,-1,-1,-1,-1,-1,-1,-1,-1,-1,-1,1,,,,,
412412,Rep. Frederica Wilson [D],Democrat,1,1,1,1,1,1,1,1,-1,1,1,1,1,1,1,1,1,1,1,1,0,,,,,
412417,Rep. Austin Scott [R],Republican,-1,-1,-1,-1,-1,1,1,-1,1,-1,-1,-1,-1,-1,-1,-1,-1,-1,-1,-1,1,,,,,
412421,Rep. Adam Kinzinger [R],Republican,0,0,0,0,-1,1,1,-1,1,-1,0,1,0,0,-1,-1,1,1,1,0,-1,,,,,
412427,Rep. Larry Bucshon [R],Republican,-1,1,-1,-1,-1,1,1,-1,1,-1,-1,-1,-1,-1,-1,-1,-1,-1,-1,-1,-1,,,,,
412434,Rep. Andy Harris [R],Republican,-1,-1,-1,-1,-1,1,1,-1,1,-1,-1,-1,-1,-1,-1,-1,-1,-1,-1,-1,-1,,,,,
412435,Rep. William Keating [D],Democrat,1,1,1,1,1,1,1,1,-1,1,1,1,1,1,1,1,1,1,1,1,-1,,,,,
412437,Rep. Bill Huizenga [R],Republican,-1,-1,-1,-1,-1,1,1,-1,1,-1,-1,-1,-1,-1,-1,-1,-1,-1,-1,-1,1,,,,,
412443,Rep. Steven Palazzo [R],Republican,-1,-1,1,-1,-1,-1,1,-1,1,-1,-1,-1,-1,-1,-1,-1,-1,-1,-1,-1,-1,,,,,
412444,Rep. Vicky Hartzler [R],Republican,0,1,-1,-1,-1,1,1,-1,1,-1,-1,-1,0,-1,-1,-1,-1,-1,-1,-1,-1,,,,,
412445,Rep. Billy Long [R],Republican,-1,-1,-1,-1,-1,1,1,-1,1,-1,-1,-1,-1,-1,-1,-1,-1,-1,-1,-1,-1,,,,,
412460,Rep. Bill Johnson [R],Republican,-1,1,1,-1,-1,1,1,-1,1,-1,-1,-1,-1,-1,-1,-1,-1,-1,-1,-1,-1,,,,,
412463,Rep. Bob Gibbs [R],Republican,-1,-1,-1,-1,-1,-1,1,-1,1,-1,-1,-1,-1,-1,-1,-1,-1,-1,-1,-1,-1,,,,,
412465,Rep. Mike Kelly [R],Republican,-1,-1,-1,-1,-1,1,1,-1,1,-1,-1,-1,-1,-1,-1,-1,-1,-1,-1,-1,-1,,,,,
412470,Rep. David Cicilline [D],Democrat,1,1,1,1,1,1,1,1,-1,1,1,1,1,1,1,1,1,1,1,1,-1,,,,,
412472,Rep. Jeff Duncan [R],Republican,-1,-1,-1,-1,-1,-1,1,-1,1,-1,-1,-1,-1,-1,-1,-1,-1,-1,-1,-1,1,,,,,
412476,Rep. Charles “Chuck” Fleischmann [R],Republican,-1,-1,-1,-1,-1,1,1,-1,1,-1,-1,-1,-1,-1,-1,-1,-1,-1,-1,-1,-1,,,,,
412477,Rep. Scott DesJarlais [R],Republican,-1,-1,-1,-1,-1,1,1,-1,1,-1,-1,-1,-1,-1,-1,-1,-1,-1,-1,-1,-1,,,,,
412485,Rep. Morgan Griffith [R],Republican,-1,1,1,-1,-1,1,1,-1,1,-1,-1,-1,-1,-1,-1,-1,-1,-1,-1,-1,-1,,,,,
412486,Rep. Jaime Herrera Beutler [R],Republican,-1,-1,-1,-1,-1,1,1,-1,1,-1,-1,-1,-1,-1,-1,-1,-1,1,-1,-1,-1,,,,,
412487,Rep. David McKinley [R],Republican,-1,-1,-1,-1,-1,-1,1,-1,1,-1,-1,-1,-1,-1,-1,-1,-1,-1,-1,-1,-1,,,,,
412500,Rep. Mark Amodei [R],Republican,-1,-1,-1,-1,-1,1,1,-1,1,-1,-1,-1,-1,-1,-1,-1,-1,-1,-1,-1,-1,,,,,
412501,Rep. Suzanne Bonamici [D],Democrat,1,1,1,1,1,1,1,1,-1,1,1,1,1,1,1,1,1,1,1,1,-1,,,,,
412503,Rep. Thomas Massie [R],Republican,-1,-1,-1,-1,-1,1,-1,-1,1,-1,-1,-1,-1,-1,-1,-1,-1,-1,-1,-1,1,,,,,
412505,Rep. Suzan DelBene [D],Democrat,1,1,1,1,1,1,1,1,-1,1,1,1,1,1,1,1,1,1,1,1,-1,,,,,
412506,Rep. Donald Payne Jr. [D],Democrat,1,1,1,1,1,1,1,1,-1,1,1,1,1,1,1,1,1,1,1,1,1,,,,,
412510,Rep. Doug LaMalfa [R],Republican,-1,-1,-1,-1,-1,-1,1,-1,1,-1,-1,-1,-1,-1,-1,-1,-1,-1,-1,-1,1,,,,,
412511,Rep. Jared Huffman [D],Democrat,1,1,1,1,1,1,1,1,-1,1,1,1,1,1,1,1,1,1,1,1,-1,,,,,
412512,Rep. Ami Bera [D],Democrat,1,1,1,1,1,1,1,1,-1,1,1,1,1,1,1,1,1,1,1,1,1,,,,,
412514,Rep. Eric Swalwell [D],Democrat,1,1,1,1,1,1,1,1,-1,1,1,1,1,1,1,1,1,1,1,1,1,,,,,
412515,Rep. David Valadao [R],Republican,-1,1,-1,-1,-1,1,1,-1,1,-1,-1,-1,-1,-1,-1,-1,-1,-1,-1,-1,1,,,,,
412516,Rep. Julia Brownley [D],Democrat,1,1,1,1,1,1,1,1,-1,1,1,1,1,1,1,1,1,1,1,1,-1,,,,,
412517,Rep. Tony Cárdenas [D],Democrat,1,1,1,1,1,1,1,1,-1,1,1,1,1,1,1,1,1,1,1,1,1,,,,,
412519,Rep. Raul Ruiz [D],Democrat,1,1,1,1,1,1,1,1,-1,1,1,1,1,1,1,1,1,1,1,1,1,,,,,
412520,Rep. Mark Takano [D],Democrat,1,1,1,1,1,1,1,1,-1,1,1,1,1,1,1,1,1,1,1,1,1,,,,,
412521,Rep. Alan Lowenthal [D],Democrat,1,-1,1,1,1,1,1,1,-1,1,1,1,1,1,1,1,1,1,1,1,1,,,,,
412522,Rep. Juan Vargas [D],Democrat,1,1,1,1,1,1,1,1,-1,1,1,1,1,1,1,1,1,1,1,1,1,,,,,
412523,Rep. Scott Peters [D],Democrat,1,1,1,1,1,1,1,1,-1,1,1,1,1,1,1,1,1,1,1,1,1,,,,,
412529,Rep. Lois Frankel [D],Democrat,1,1,1,1,1,1,1,1,-1,1,1,1,1,1,1,1,1,1,1,1,1,,,,,
412534,Rep. Bradley “Brad” Schneider [D],Democrat,1,1,1,1,1,1,1,1,-1,1,1,1,1,1,1,1,1,1,1,1,1,,,,,
412536,Rep. Rodney Davis [R],Republican,-1,0,-1,-1,-1,1,1,-1,1,-1,-1,-1,-1,-1,-1,-1,-1,-1,-1,-1,1,,,,,
412537,Rep. Cheri Bustos [D],Democrat,0,0,0,0,0,1,1,1,-1,1,1,1,1,1,1,1,1,1,1,1,-1,,,,,
412538,Rep. Jackie Walorski [R],Republican,-1,-1,-1,-1,-1,-1,1,-1,1,-1,-1,-1,-1,-1,-1,-1,-1,-1,-1,-1,1,,,,,
412541,Rep. Garland “Andy” Barr [R],Republican,-1,-1,-1,-1,-1,1,1,-1,1,-1,-1,-1,-1,-1,-1,-1,-1,-1,-1,-1,-1,,,,,
412546,Rep. Daniel Kildee [D],Democrat,1,1,1,1,1,1,1,1,-1,1,1,1,1,1,1,1,1,1,1,1,-1,,,,,
412548,Rep. Ann Wagner [R],Republican,-1,1,-1,-1,-1,1,1,-1,1,-1,-1,-1,-1,-1,-1,-1,-1,-1,-1,-1,1,,,,,
412550,Rep. Richard Hudson [R],Republican,-1,-1,-1,-1,-1,-1,1,-1,1,-1,-1,-1,0,-1,-1,-1,-1,-1,-1,-1,-1,,,,,
412557,Rep. Ann Kuster [D],Democrat,1,1,1,1,1,1,1,1,-1,1,1,1,1,1,1,1,1,1,1,1,-1,,,,,
412559,Rep. Steven Horsford [D],Democrat,1,1,1,1,1,1,1,1,-1,1,1,1,1,1,1,1,1,1,1,1,1,,,,,
412560,Rep. Grace Meng [D],Democrat,1,1,1,1,1,1,1,1,-1,1,1,1,1,1,1,1,1,1,1,1,1,,,,,
412561,Rep. Hakeem Jeffries [D],Democrat,1,1,1,1,1,1,1,1,-1,1,1,1,1,1,1,1,1,1,1,1,1,,,,,
412562,Rep. Sean Maloney [D],Democrat,1,1,1,1,1,1,1,1,-1,1,1,1,1,1,1,1,1,1,1,1,1,,,,,
412564,Rep. Brad Wenstrup [R],Republican,-1,-1,-1,-1,-1,-1,1,-1,1,-1,-1,-1,-1,-1,-1,-1,-1,-1,-1,-1,1,,,,,
412565,Rep. Joyce Beatty [D],Democrat,1,1,1,1,1,1,1,1,-1,1,1,1,1,1,1,1,1,1,1,1,-1,,,,,
412566,Rep. David Joyce [R],Republican,-1,1,1,-1,-1,1,1,-1,1,-1,-1,-1,-1,-1,-1,-1,-1,-1,-1,-1,1,,,,,
412568,Rep. Markwayne Mullin [R],Republican,-1,-1,-1,-1,-1,-1,1,-1,1,-1,-1,-1,0,-1,-1,-1,-1,-1,-1,-1,-1,,,,,
412569,Rep. Scott Perry [R],Republican,-1,-1,-1,-1,-1,-1,1,-1,1,-1,-1,-1,-1,-1,-1,-1,-1,-1,-1,-1,-1,,,,,
412571,Rep. Matthew “Matt” Cartwright [D],Democrat,1,1,1,1,1,1,1,1,-1,1,1,1,1,1,1,1,1,1,1,1,-1,,,,,
412572,Rep. Tom Rice [R],Republican,-1,-1,-1,-1,-1,1,1,-1,1,-1,-1,-1,-1,-1,-1,-1,-1,-1,-1,-1,0,,,,,
412574,Rep. Randy Weber Sr. [R],Republican,-1,-1,-1,-1,-1,-1,1,-1,1,-1,-1,-1,-1,-1,-1,-1,-1,-1,-1,-1,-1,,,,,
412576,Rep. Joaquin Castro [D],Democrat,1,1,1,1,1,1,1,1,-1,1,1,1,1,1,1,1,1,1,1,1,-1,,,,,
412578,Rep. Roger Williams [R],Republican,-1,-1,-1,-1,-1,-1,1,-1,1,-1,-1,-1,-1,-1,-1,-1,-1,-1,-1,-1,1,,,,,
412579,Rep. Marc Veasey [D],Democrat,1,1,1,1,1,1,1,1,-1,1,1,1,1,1,1,1,1,1,1,1,0,,,,,
412581,Rep. Chris Stewart [R],Republican,-1,-1,-1,-1,-1,1,1,-1,1,-1,-1,-1,-1,-1,-1,-1,-1,-1,-1,-1,1,,,,,
412583,Rep. Derek Kilmer [D],Democrat,1,1,1,1,1,1,1,1,-1,1,1,1,1,1,1,1,0,1,1,1,-1,,,,,
412585,Rep. Mark Pocan [D],Democrat,1,-1,-1,1,1,1,1,1,-1,1,1,1,1,1,1,1,1,1,1,1,1,,,,,
412595,Rep. Robin Kelly [D],Democrat,1,1,1,1,1,1,1,1,-1,1,1,1,1,1,1,1,1,1,1,1,1,,,,,
412596,Rep. Jason Smith [R],Republican,-1,-1,-1,-1,-1,1,1,-1,1,-1,-1,-1,-1,-1,-1,-1,-1,-1,-1,-1,1,,,,,
412600,Rep. Katherine Clark [D],Democrat,1,1,1,1,1,1,1,1,-1,1,1,1,1,1,1,1,1,1,1,1,-1,,,,,
412606,Rep. Donald Norcross [D],Democrat,1,1,1,1,1,1,1,1,-1,1,1,1,1,1,1,1,1,1,1,1,1,,,,,
412607,Rep. Alma Adams [D],Democrat,1,1,1,1,1,1,1,1,-1,1,1,1,1,1,1,1,1,1,1,1,1,,,,,
412608,Rep. Gary Palmer [R],Republican,-1,-1,-1,-1,-1,-1,1,-1,1,-1,-1,-1,-1,-1,-1,-1,-1,-1,-1,-1,1,,,,,
412609,Rep. French Hill [R],Republican,-1,-1,-1,-1,-1,1,1,-1,1,-1,-1,-1,-1,-1,-1,-1,-1,-1,-1,-1,0,,,,,
412610,Rep. Bruce Westerman [R],Republican,-1,-1,-1,-1,-1,-1,1,-1,1,-1,-1,-1,-1,-1,-1,-1,-1,-1,-1,-1,-1,,,,,
412612,Rep. Ruben Gallego [D],Democrat,1,1,1,1,1,1,1,1,-1,1,1,1,1,1,1,1,1,1,1,1,-1,,,,,
412613,Rep. Mark DeSaulnier [D],Democrat,1,1,1,1,1,1,1,1,-1,1,1,1,1,1,1,1,1,1,1,1,1,,,,,
412615,Rep. Pete Aguilar [D],Democrat,1,1,1,1,1,1,1,1,-1,1,1,1,1,1,1,1,1,1,1,1,1,,,,,
412616,Rep. Ted Lieu [D],Democrat,1,1,1,1,1,1,1,1,-1,1,1,1,1,1,1,1,1,1,1,1,1,,,,,
412617,Rep. Norma Torres [D],Democrat,1,1,1,1,1,1,1,1,-1,1,1,1,1,1,1,1,1,1,1,1,1,,,,,
412619,Rep. Ken Buck [R],Republican,-1,-1,-1,-1,-1,1,1,-1,1,-1,-1,-1,-1,-1,-1,-1,-1,-1,-1,-1,1,,,,,
412622,Rep. Earl “Buddy” Carter [R],Republican,-1,-1,-1,-1,-1,1,1,-1,1,-1,-1,-1,-1,-1,-1,-1,-1,-1,-1,-1,-1,,,,,
412623,Rep. Jody Hice [R],Republican,-1,-1,-1,-1,-1,0,1,-1,1,-1,-1,-1,-1,-1,-1,-1,-1,-1,-1,-1,-1,,,,,
412624,Rep. Barry Loudermilk [R],Republican,-1,-1,-1,-1,-1,1,1,-1,1,-1,-1,-1,-1,-1,-1,-1,-1,-1,-1,-1,-1,,,,,
412625,Rep. Rick Allen [R],Republican,-1,-1,-1,-1,-1,-1,0,-1,1,-1,-1,-1,-1,0,-1,0,0,0,-1,-1,-1,,,,,
412629,Rep. Mike Bost [R],Republican,-1,-1,-1,-1,-1,1,1,-1,1,-1,-1,-1,-1,-1,-1,-1,0,-1,-1,-1,-1,,,,,
412631,Rep. Garret Graves [R],Republican,-1,1,-1,-1,-1,1,1,-1,1,-1,-1,0,-1,-1,-1,-1,-1,-1,-1,-1,-1,,,,,
412632,Rep. Seth Moulton [D],Democrat,1,1,1,1,1,1,1,1,-1,1,1,1,1,1,1,1,1,1,1,1,-1,,,,,
412634,Rep. John Moolenaar [R],Republican,-1,-1,-1,-1,-1,1,1,-1,1,-1,-1,-1,-1,-1,-1,-1,-1,-1,-1,-1,1,,,,,
412637,Rep. Debbie Dingell [D],Democrat,1,1,1,1,1,1,1,1,-1,1,1,1,1,1,1,1,1,1,1,1,-1,,,,,
412638,Rep. Brenda Lawrence [D],Democrat,1,1,1,1,1,1,1,1,-1,1,1,1,1,1,1,1,1,1,1,1,1,,,,,
412639,Rep. Tom Emmer [R],Republican,-1,-1,-1,-1,-1,0,1,-1,1,-1,-1,-1,-1,-1,-1,-1,-1,-1,-1,-1,1,,,,,
412641,Rep. David Rouzer [R],Republican,-1,-1,-1,-1,-1,-1,1,-1,1,-1,-1,-1,-1,-1,-1,-1,-1,-1,-1,-1,-1,,,,,
412644,Rep. Bonnie Watson Coleman [D],Democrat,1,1,1,1,1,1,1,1,-1,1,1,1,1,1,1,1,1,1,1,1,-1,,,,,
412646,Rep. Lee Zeldin [R],Republican,0,-1,-1,-1,0,0,1,-1,1,-1,-1,-1,-1,-1,0,-1,-1,-1,-1,-1,1,,,,,
412647,Rep. Kathleen Rice [D],Democrat,1,1,1,1,1,1,1,1,-1,1,1,1,1,1,1,1,1,-1,1,1,-1,,,,,
412648,Rep. Elise Stefanik [R],Republican,-1,-1,-1,-1,-1,-1,1,-1,1,-1,-1,-1,-1,-1,-1,-1,-1,-1,-1,-1,1,,,,,
412649,Rep. John Katko [R],Republican,-1,1,1,-1,-1,0,1,1,1,-1,-1,-1,-1,-1,-1,-1,-1,1,1,-1,-1,,,,,
412652,Rep. Brendan Boyle [D],Democrat,1,1,1,1,1,1,1,1,-1,1,1,1,1,1,1,1,1,1,1,1,-1,,,,,
412655,Rep. Brian Babin [R],Republican,-1,-1,-1,-1,-1,-1,1,-1,1,-1,-1,-1,-1,-1,-1,-1,-1,-1,-1,-1,1,,,,,
412657,Rep. Donald Beyer Jr. [D],Democrat,1,1,1,1,1,1,1,1,-1,1,1,1,1,1,1,1,1,1,1,1,-1,,,,,
412660,Rep. Dan Newhouse [R],Republican,-1,1,1,-1,-1,1,1,-1,1,-1,-1,-1,-1,-1,-1,-1,-1,-1,-1,-1,1,,,,,
412661,Rep. Glenn Grothman [R],Republican,-1,-1,1,-1,-1,1,1,-1,1,-1,-1,-1,-1,-1,-1,-1,-1,-1,-1,-1,-1,,,,,
412662,Rep. Alexander Mooney [R],Republican,-1,-1,-1,-1,-1,-1,1,-1,1,-1,-1,-1,-1,-1,-1,-1,-1,-1,-1,-1,-1,,,,,
412673,Rep. Trent Kelly [R],Republican,-1,-1,-1,-1,-1,-1,1,-1,1,-1,-1,-1,-1,-1,-1,-1,-1,-1,-1,-1,-1,,,,,
412674,Rep. Darin LaHood [R],Republican,-1,-1,-1,-1,-1,1,1,-1,1,-1,-1,-1,-1,-1,-1,-1,-1,-1,-1,-1,-1,,,,,
412675,Rep. Warren Davidson [R],Republican,-1,-1,-1,-1,-1,1,1,-1,1,-1,-1,-1,-1,-1,-1,-1,-1,-1,-1,-1,-1,,,,,
412676,Rep. James Comer [R],Republican,-1,-1,-1,-1,-1,1,1,-1,1,-1,-1,-1,-1,-1,-1,-1,-1,-1,-1,-1,-1,,,,,
412677,Rep. Dwight Evans [D],Democrat,1,1,1,1,1,1,1,1,-1,1,1,1,1,1,1,1,1,1,1,1,-1,,,,,
412682,Rep. Tom O’Halleran [D],Democrat,1,1,1,-1,1,1,1,1,-1,1,1,1,1,1,1,1,1,1,1,1,1,,,,,
412683,Rep. Andy Biggs [R],Republican,-1,-1,-1,-1,-1,-1,-1,-1,1,-1,-1,-1,-1,-1,-1,-1,-1,-1,-1,-1,1,,,,,
412684,Rep. Ro Khanna [D],Democrat,1,1,1,1,1,1,1,1,-1,1,1,1,1,1,1,1,1,1,1,1,-1,,,,,
412685,Rep. Jimmy Panetta [D],Democrat,1,1,1,-1,1,1,1,1,-1,1,1,1,1,1,1,1,1,1,1,1,1,,,,,
412686,Rep. Salud Carbajal [D],Democrat,1,1,1,1,1,1,1,1,-1,1,1,1,1,1,1,1,1,1,1,1,1,,,,,
412687,Rep. Nanette Barragán [D],Democrat,1,1,1,1,1,1,1,1,-1,1,1,1,1,1,1,1,1,1,1,1,1,,,,,
412688,Rep. Luis Correa [D],Democrat,1,1,1,1,1,1,1,1,-1,1,1,1,1,1,1,1,1,1,1,1,1,,,,,
412689,Rep. Lisa Blunt Rochester [D],Democrat,1,1,1,1,1,1,1,1,-1,1,1,1,1,1,1,1,1,1,1,1,1,,,,,
412690,Rep. Matt Gaetz [R],Republican,-1,-1,-1,1,1,1,-1,-1,1,-1,-1,-1,-1,-1,1,-1,-1,-1,-1,-1,1,,,,,
412691,Rep. Neal Dunn [R],Republican,-1,-1,-1,-1,-1,1,1,-1,1,-1,-1,-1,-1,-1,-1,-1,0,-1,-1,-1,-1,,,,,
412692,Rep. John Rutherford [R],Republican,-1,1,-1,-1,-1,1,1,-1,1,-1,-1,-1,-1,-1,-1,-1,-1,-1,-1,-1,-1,,,,,
412693,Rep. Al Lawson Jr. [D],Democrat,1,1,1,1,1,1,1,1,-1,1,1,1,1,1,1,1,1,1,1,1,0,,,,,
412694,Rep. Stephanie Murphy [D],Democrat,1,1,1,-1,1,1,1,1,-1,1,1,-1,1,1,1,1,1,-1,1,1,1,,,,,
412695,Rep. Darren Soto [D],Democrat,1,1,1,1,1,1,1,1,-1,1,1,1,1,1,1,1,1,1,1,1,1,,,,,
412696,Rep. Val Demings [D],Democrat,1,1,1,-1,1,1,1,1,-1,1,1,1,1,1,1,1,1,1,1,1,1,,,,,
412697,Rep. Charlie Crist [D],Democrat,1,1,1,1,1,1,1,1,-1,1,1,1,1,1,1,1,1,1,1,1,1,,,,,
412698,Rep. Brian Mast [R],Republican,-1,-1,-1,-1,1,1,1,-1,1,-1,-1,-1,0,-1,-1,-1,-1,-1,-1,-1,1,,,,,
412700,Rep. Drew Ferguson IV [R],Republican,-1,1,-1,-1,-1,1,0,-1,1,-1,-1,-1,-1,-1,-1,-1,-1,-1,-1,-1,-1,,,,,
412701,Rep. Raja Krishnamoorthi [D],Democrat,1,1,1,1,1,1,1,1,-1,1,1,1,1,1,1,1,1,1,1,1,-1,,,,,
412702,Rep. Jim Banks [R],Republican,-1,-1,-1,-1,-1,-1,1,-1,1,-1,-1,-1,-1,-1,-1,-1,-1,-1,-1,-1,1,,,,,
412703,Rep. Trey Hollingsworth [R],Republican,0,0,1,-1,-1,1,1,-1,1,-1,-1,-1,-1,-1,-1,-1,-1,-1,-1,-1,-1,,,,,
412705,Rep. Clay Higgins [R],Republican,-1,1,-1,-1,-1,1,0,-1,1,-1,-1,-1,-1,-1,-1,-1,-1,-1,-1,-1,-1,,,,,
412706,Rep. Mike Johnson [R],Republican,-1,0,0,0,0,-1,1,-1,1,-1,-1,-1,-1,-1,-1,-1,-1,-1,-1,-1,0,,,,,
412707,Rep. Anthony Brown [D],Democrat,1,1,1,1,1,1,1,1,-1,1,1,1,1,1,1,1,1,1,1,1,-1,,,,,
412708,Rep. Jamie Raskin [D],Democrat,1,1,1,1,1,1,1,1,-1,1,1,1,1,1,1,1,1,1,1,1,1,,,,,
412709,Rep. Jack Bergman [R],Republican,-1,-1,-1,-1,-1,1,1,-1,1,-1,-1,-1,-1,-1,-1,-1,-1,-1,-1,-1,1,,,,,
412712,Rep. Ted Budd [R],Republican,-1,0,0,0,0,-1,1,-1,1,-1,-1,-1,-1,-1,-1,-1,-1,-1,-1,-1,-1,,,,,
412713,Rep. Don Bacon [R],Republican,-1,-1,-1,-1,-1,1,1,-1,1,-1,-1,-1,-1,-1,-1,-1,-1,-1,-1,-1,-1,,,,,
412714,Rep. Josh Gottheimer [D],Democrat,1,1,1,-1,1,1,1,1,-1,1,1,1,1,1,1,1,1,1,1,1,-1,,,,,
412717,Rep. Thomas Suozzi [D],Democrat,1,1,1,1,1,1,1,1,-1,1,1,1,1,1,1,1,1,1,1,1,1,,,,,
412718,Rep. Adriano Espaillat [D],Democrat,1,1,1,1,1,1,1,1,-1,1,1,1,1,1,1,1,1,1,1,1,1,,,,,
412720,Rep. Claudia Tenney [R],Republican,-1,-1,-1,-1,-1,1,1,-1,1,-1,-1,-1,-1,-1,-1,-1,-1,-1,-1,-1,1,,,,,
412721,Rep. Brian Fitzpatrick [R],Republican,-1,1,1,-1,-1,1,1,1,1,1,-1,-1,-1,-1,-1,-1,-1,1,1,-1,-1,,,,,
412722,Rep. Lloyd Smucker [R],Republican,-1,-1,-1,-1,-1,1,1,-1,1,-1,-1,-1,-1,-1,-1,-1,-1,-1,-1,-1,-1,,,,,
412724,Rep. David Kustoff [R],Republican,-1,-1,-1,-1,-1,-1,1,-1,1,-1,-1,-1,-1,-1,-1,-1,-1,-1,-1,-1,-1,,,,,
412725,Rep. Vicente Gonzalez [D],Democrat,1,1,1,1,1,1,1,1,-1,1,1,1,1,1,1,1,1,1,1,1,-1,,,,,
412726,Rep. Jodey Arrington [R],Republican,-1,0,-1,-1,-1,-1,1,0,1,-1,-1,-1,-1,-1,-1,-1,-1,-1,-1,-1,1,,,,,
412728,Rep. Donald McEachin [D],Democrat,1,1,1,1,1,1,1,1,-1,1,1,1,1,1,1,1,1,1,1,1,-1,,,,,
412730,Rep. Pramila Jayapal [D],Democrat,1,1,1,1,1,1,1,1,-1,1,1,1,1,1,1,1,1,1,1,1,1,,,,,
412731,Rep. Mike Gallagher [R],Republican,-1,-1,-1,-1,-1,-1,1,-1,1,-1,-1,-1,-1,-1,-1,-1,-1,-1,-1,-1,1,,,,,
412732,Rep. Liz Cheney [R],Republican,0,0,0,0,0,-1,1,-1,1,-1,-1,-1,-1,-1,-1,-1,1,-1,-1,-1,-1,,,,,
412735,Rep. Ron Estes [R],Republican,-1,-1,-1,-1,-1,-1,1,0,0,0,-1,0,-1,-1,-1,-1,-1,-1,-1,-1,-1,,,,,
412738,Rep. Ralph Norman [R],Republican,-1,-1,-1,-1,-1,-1,1,-1,1,-1,-1,-1,-1,-1,-1,-1,-1,-1,-1,-1,-1,,,,,
412739,Rep. Jimmy Gomez [D],Democrat,1,1,1,1,1,1,1,1,-1,1,1,1,1,1,1,1,1,1,1,1,-1,,,,,
412740,Rep. John Curtis [R],Republican,-1,-1,-1,-1,-1,1,1,-1,1,-1,-1,-1,-1,-1,-1,-1,-1,-1,-1,-1,1,,,,,
412744,Rep. Conor Lamb [D],Democrat,1,1,1,1,1,1,1,1,-1,1,1,1,1,1,1,1,1,1,1,1,-1,,,,,
412745,Rep. Debbie Lesko [R],Republican,-1,-1,-1,-1,-1,-1,1,-1,1,-1,-1,-1,-1,-1,-1,-1,-1,-1,-1,0,1,,,,,
412746,Rep. Michael Cloud [R],Republican,-1,-1,-1,-1,-1,-1,1,-1,1,-1,-1,-1,-1,-1,-1,-1,-1,-1,-1,-1,-1,,,,,
412747,Rep. Troy Balderson [R],Republican,-1,-1,-1,-1,-1,1,1,-1,1,-1,-1,-1,-1,-1,-1,-1,-1,-1,-1,-1,-1,,,,,
412748,Rep. Kevin Hern [R],Republican,-1,-1,-1,-1,-1,-1,1,-1,1,-1,-1,-1,-1,-1,-1,-1,-1,-1,-1,-1,-1,,,,,
412749,Rep. Joseph Morelle [D],Democrat,1,1,1,1,1,1,1,1,-1,1,1,1,1,1,1,1,1,1,1,1,-1,,,,,
412750,Rep. Mary Scanlon [D],Democrat,1,1,1,1,1,1,1,1,-1,1,1,1,1,1,1,1,1,1,1,1,1,,,,,
412751,Rep. Susan Wild [D],Democrat,1,1,1,1,1,1,1,-1,-1,1,1,1,1,1,1,1,1,1,1,0,1,,,,,
412753,Rep. Greg Stanton [D],Democrat,1,1,1,1,1,1,1,1,-1,1,1,1,1,1,1,1,1,1,1,1,1,,,,,
412754,Rep. Josh Harder [D],Democrat,1,1,1,1,1,1,1,1,-1,1,1,1,1,1,1,1,1,1,1,1,1,,,,,
412758,Rep. Katie Porter [D],Democrat,1,1,1,1,1,1,1,1,-1,1,1,1,1,1,1,1,1,1,1,1,1,,,,,
412760,Rep. Mike Levin [D],Democrat,1,1,1,1,1,1,1,1,-1,1,1,1,1,1,1,1,1,1,1,1,1,,,,,
412761,Rep. Joe Neguse [D],Democrat,1,1,1,1,1,1,1,1,-1,1,1,1,1,1,1,1,1,1,1,1,1,,,,,
412762,Rep. Jason Crow [D],Democrat,1,1,1,1,1,1,1,1,-1,1,1,1,1,1,1,1,1,1,1,1,1,,,,,
412763,Rep. Jahana Hayes [D],Democrat,1,1,1,1,1,1,1,1,-1,1,1,1,1,1,1,1,1,1,1,1,1,,,,,
412764,Rep. Michael Waltz [R],Republican,-1,-1,-1,-1,-1,1,1,-1,1,-1,-1,-1,-1,-1,-1,-1,-1,-1,-1,-1,1,,,,,
412766,Rep. Gregory Steube [R],Republican,-1,-1,-1,-1,-1,1,1,-1,1,-1,-1,-1,-1,-1,-1,-1,-1,-1,-1,-1,-1,,,,,
412769,Rep. Lucy McBath [D],Democrat,1,1,1,1,1,1,1,1,-1,1,1,1,1,1,1,1,1,1,1,1,-1,,,,,
412772,Rep. Cynthia Axne [D],Democrat,1,1,1,1,1,1,1,1,-1,1,1,1,1,1,1,1,1,1,1,1,1,,,,,
412773,Rep. Russ Fulcher [R],Republican,-1,-1,-1,-1,-1,-1,1,-1,1,-1,-1,-1,-1,-1,-1,-1,-1,-1,-1,-1,1,,,,,
412774,Rep. Jesús “Chuy” García [D],Democrat,1,1,1,1,1,1,1,1,-1,1,1,1,1,1,1,1,1,1,1,1,-1,,,,,
412775,Rep. Sean Casten [D],Democrat,1,1,1,1,1,1,1,1,-1,1,1,1,1,1,1,1,1,1,1,1,1,,,,,
412776,Rep. Lauren Underwood [D],Democrat,1,1,1,1,1,1,1,1,-1,1,1,1,1,1,1,1,1,1,1,1,1,,,,,
412777,Rep. James Baird [R],Republican,-1,-1,-1,-1,-1,1,1,-1,1,-1,-1,-1,-1,-1,-1,-1,-1,0,-1,-1,1,,,,,
412778,Rep. Greg Pence [R],Republican,-1,-1,-1,-1,-1,1,1,-1,1,-1,-1,-1,-1,-1,-1,-1,-1,-1,-1,-1,-1,,,,,
412780,Rep. Sharice Davids [D],Democrat,1,1,1,1,1,1,1,1,-1,1,1,1,1,1,1,1,1,1,1,1,-1,,,,,
412781,Rep. Lori Trahan [D],Democrat,1,1,1,1,1,1,1,1,-1,1,1,1,1,1,1,1,1,1,1,1,1,,,,,
412782,Rep. Ayanna Pressley [D],Democrat,1,1,1,1,1,1,1,1,-1,1,1,1,1,1,1,1,1,1,1,1,1,,,,,
412783,Rep. David Trone [D],Democrat,1,1,1,1,1,1,1,1,-1,1,1,1,1,1,1,1,1,1,1,1,1,,,,,
412784,Rep. Elissa Slotkin [D],Democrat,1,1,1,-1,1,1,1,-1,-1,1,1,1,-1,-1,1,1,1,1,1,1,1,,,,,
412785,Rep. Andy Levin [D],Democrat,1,1,1,1,1,1,1,1,-1,1,1,1,1,1,1,1,1,1,1,1,1,,,,,
412786,Rep. Haley Stevens [D],Democrat,1,1,1,1,1,1,1,1,-1,1,1,1,1,1,1,1,1,1,1,1,1,,,,,
412787,Rep. Rashida Tlaib [D],Democrat,1,-1,1,1,1,1,1,1,-1,1,1,1,1,1,1,1,1,1,1,-1,1,,,,,
412789,Rep. Angie Craig [D],Democrat,1,1,1,1,1,1,1,1,-1,1,1,1,1,1,1,1,1,1,1,1,1,,,,,
412790,Rep. Dean Phillips [D],Democrat,1,1,1,1,1,1,1,1,-1,1,1,1,1,1,1,1,1,1,1,1,1,,,,,
412791,Rep. Ilhan Omar [D],Democrat,1,1,1,1,1,1,-1,1,-1,1,1,1,1,1,1,1,1,1,1,1,1,,,,,
412792,Rep. Pete Stauber [R],Republican,-1,1,-1,-1,-1,-1,1,-1,1,-1,-1,-1,-1,-1,-1,-1,-1,-1,-1,-1,1,,,,,
412793,Rep. Michael Guest [R],Republican,-1,-1,-1,-1,-1,0,0,-1,1,-1,-1,-1,-1,0,-1,0,0,0,-1,-1,-1,,,,,
412794,Rep. Kelly Armstrong [R],Republican,0,-1,-1,-1,-1,1,1,-1,1,-1,-1,-1,-1,-1,-1,-1,-1,-1,-1,-1,-1,,,,,
412795,Rep. Chris Pappas [D],Democrat,1,1,1,1,-1,1,1,-1,-1,1,1,1,1,1,1,1,1,1,1,1,-1,,,,,
412796,Rep. Jefferson Van Drew [R],Republican,-1,-1,-1,-1,-1,-1,1,-1,1,-1,-1,-1,-1,-1,-1,-1,-1,-1,-1,-1,1,,,,,
412797,Rep. Andy Kim [D],Democrat,1,1,1,1,1,1,1,1,-1,1,1,1,1,1,1,1,1,1,1,1,-1,,,,,
412798,Rep. Tom Malinowski [D],Democrat,1,1,1,-1,1,1,1,1,-1,1,1,1,1,1,1,1,1,1,1,1,1,,,,,
412799,Rep. Mikie Sherrill [D],Democrat,1,1,1,1,1,1,1,1,-1,1,1,1,0,1,1,1,1,1,1,1,1,,,,,
412802,Rep. Susie Lee [D],Democrat,1,1,1,-1,1,1,1,1,-1,1,1,1,1,1,1,1,1,1,1,1,1,,,,,
412804,Rep. Alexandria Ocasio-Cortez [D],Democrat,1,-1,1,1,1,1,1,1,-1,1,1,1,1,1,1,1,1,1,1,1,1,,,,,
412805,Rep. Antonio Delgado [D],Democrat,1,1,1,1,1,1,1,1,-1,1,1,1,1,1,1,1,1,1,1,1,1,,,,,
412807,Rep. Anthony Gonzalez [R],Republican,-1,0,0,0,-1,0,1,-1,1,-1,-1,-1,-1,0,-1,-1,-1,-1,-1,-1,1,,,,,
412809,Rep. Madeleine Dean [D],Democrat,1,1,1,1,1,1,1,1,-1,1,1,1,1,1,1,1,1,1,1,1,-1,,,,,
412810,Rep. Chrissy Houlahan [D],Democrat,1,1,1,1,1,1,1,1,-1,1,1,1,1,1,1,1,1,1,1,1,1,,,,,
412811,Rep. Daniel Meuser [R],Republican,-1,-1,-1,-1,-1,1,1,-1,1,-1,-1,-1,-1,-1,-1,-1,-1,-1,-1,-1,1,,,,,
412812,Rep. John Joyce [R],Republican,-1,-1,-1,-1,-1,-1,1,-1,1,-1,-1,-1,-1,-1,-1,-1,-1,-1,-1,-1,-1,,,,,
412813,Rep. Guy Reschenthaler [R],Republican,-1,-1,-1,-1,-1,1,1,-1,1,-1,-1,-1,-1,-1,-1,-1,-1,-1,-1,-1,-1,,,,,
412815,Rep. William Timmons [R],Republican,-1,-1,-1,-1,-1,-1,1,-1,1,-1,-1,-1,-1,-1,-1,-1,-1,-1,-1,-1,-1,,,,,
412816,Rep. Dusty Johnson [R],Republican,-1,1,1,-1,-1,1,1,-1,1,-1,-1,-1,-1,-1,-1,-1,-1,-1,-1,-1,-1,,,,,
412817,Rep. Tim Burchett [R],Republican,-1,-1,-1,-1,-1,1,1,-1,1,-1,-1,-1,-1,-1,-1,-1,-1,-1,-1,-1,-1,,,,,
412818,Rep. John Rose [R],Republican,-1,-1,-1,-1,-1,-1,1,-1,1,-1,-1,-1,-1,-1,-1,-1,-1,-1,-1,-1,-1,,,,,
412819,Rep. Mark Green [R],Republican,-1,-1,-1,-1,-1,1,1,-1,1,-1,-1,-1,-1,-1,-1,-1,-1,-1,-1,-1,-1,,,,,
412820,Rep. Dan Crenshaw [R],Republican,-1,-1,-1,-1,-1,1,1,-1,1,-1,-1,-1,-1,-1,-1,-1,-1,-1,-1,-1,0,,,,,
412821,Rep. Van Taylor [R],Republican,-1,-1,-1,-1,-1,1,1,-1,1,-1,-1,-1,-1,-1,-1,-1,-1,-1,-1,-1,-1,,,,,
412822,Rep. Lance Gooden [R],Republican,-1,-1,-1,-1,-1,-1,1,-1,1,-1,-1,-1,-1,-1,-1,-1,-1,-1,-1,-1,-1,,,,,
412824,Rep. Lizzie Fletcher [D],Democrat,1,1,1,1,1,1,1,1,-1,1,1,1,1,1,1,1,1,1,1,1,-1,,,,,
412825,Rep. Veronica Escobar [D],Democrat,1,1,1,1,1,1,1,1,-1,1,1,1,1,1,1,1,1,1,1,1,1,,,,,
412826,Rep. Chip Roy [R],Republican,-1,-1,-1,-1,-1,-1,-1,-1,1,-1,-1,-1,-1,-1,-1,-1,-1,-1,-1,-1,1,,,,,
412827,Rep. Sylvia Garcia [D],Democrat,1,1,1,1,1,1,1,1,-1,1,1,1,1,1,1,1,1,1,1,1,-1,,,,,
412828,Rep. Colin Allred [D],Democrat,1,1,1,1,1,1,1,1,-1,1,1,1,1,1,1,1,1,1,1,1,1,,,,,
412830,Rep. Elaine Luria [D],Democrat,1,1,1,1,1,1,1,-1,-1,1,1,1,1,1,1,1,1,1,1,1,1,,,,,
412832,Rep. Ben Cline [R],Republican,-1,-1,-1,-1,-1,1,1,-1,1,-1,-1,-1,-1,-1,-1,-1,-1,-1,-1,-1,1,,,,,
412833,Rep. Abigail Spanberger [D],Democrat,1,1,1,-1,1,1,1,-1,-1,1,1,1,1,1,1,1,1,1,1,1,0,,,,,
412834,Rep. Jennifer Wexton [D],Democrat,1,1,1,-1,1,1,1,1,-1,1,1,1,1,1,1,1,1,1,1,1,1,,,,,
412835,Rep. Kim Schrier [D],Democrat,1,1,1,-1,1,1,1,-1,-1,1,1,1,1,1,1,1,1,1,1,1,1,,,,,
412836,Rep. Bryan Steil [R],Republican,-1,-1,-1,-1,-1,1,1,-1,1,-1,-1,-1,-1,-1,-1,-1,-1,-1,-1,-1,1,,,,,
412837,Rep. Carol Miller [R],Republican,-1,-1,-1,-1,-1,1,1,-1,1,-1,-1,-1,-1,-1,-1,-1,-1,-1,-1,-1,-1,,,,,
412842,Rep. Jared Golden [D],Democrat,1,1,1,1,1,1,1,1,-1,-1,1,1,1,1,1,1,1,-1,1,1,-1,,,,,
412843,Rep. Fred Keller [R],Republican,-1,-1,-1,-1,-1,1,1,-1,1,-1,-1,-1,-1,-1,-1,-1,-1,-1,-1,-1,1,,,,,
412844,Rep. Dan Bishop [R],Republican,-1,-1,-1,-1,-1,-1,-1,-1,1,-1,-1,-1,-1,-1,-1,-1,-1,-1,-1,-1,-1,,,,,
412845,Rep. Gregory Murphy [R],Republican,-1,1,-1,-1,-1,1,1,-1,1,-1,-1,-1,-1,-1,-1,-1,-1,-1,-1,-1,-1,,,,,
456791,Rep. Thomas Tiffany [R],Republican,-1,-1,-1,-1,-1,1,1,-1,1,-1,-1,-1,-1,-1,-1,-1,-1,-1,-1,-1,-1,,,,,
456792,Rep. Mike Garcia [R],Republican,-1,1,-1,-1,-1,1,1,-1,1,-1,-1,-1,-1,-1,-1,-1,-1,-1,-1,-1,-1,,,,,
456793,Rep. Chris Jacobs [R],Republican,-1,-1,-1,-1,-1,1,1,-1,1,-1,-1,-1,-1,-1,-1,-1,-1,-1,-1,-1,-1,,,,,
456799,Rep. Jerry Carl Jr. [R],Republican,-1,-1,-1,-1,-1,-1,1,-1,1,-1,-1,-1,-1,-1,-1,-1,-1,-1,-1,-1,-1,,,,,
456800,Rep. Barry Moore [R],Republican,-1,-1,-1,-1,-1,1,1,-1,1,-1,-1,-1,-1,-1,-1,-1,-1,-1,-1,-1,-1,,,,,
456801,Rep. Jay Obernolte [R],Republican,-1,1,1,-1,-1,1,1,-1,1,-1,-1,-1,-1,-1,-1,-1,-1,1,-1,-1,-1,,,,,
456802,Rep. Young Kim [R],Republican,-1,1,1,-1,-1,1,1,-1,1,-1,-1,-1,-1,-1,-1,-1,-1,-1,-1,-1,-1,,,,,
456803,Rep. Michelle Steel [R],Republican,-1,-1,-1,-1,-1,1,1,-1,1,-1,-1,-1,-1,-1,-1,-1,-1,-1,-1,-1,-1,,,,,
456804,Rep. Sara Jacobs [D],Democrat,1,0,1,1,1,1,1,1,-1,1,1,1,1,1,1,1,1,1,1,1,-1,,,,,
456805,Rep. Lauren Boebert [R],Republican,-1,0,-1,-1,-1,1,1,-1,1,-1,-1,-1,-1,-1,-1,-1,-1,-1,-1,-1,1,,,,,
456806,Rep. Katherine “Kat” Cammack [R],Republican,-1,-1,-1,-1,-1,1,1,-1,1,-1,-1,-1,-1,-1,-1,-1,-1,-1,-1,0,-1,,,,,
456807,Rep. Scott Franklin [R],Republican,-1,-1,-1,-1,-1,1,1,-1,1,-1,-1,-1,-1,-1,-1,-1,-1,-1,-1,-1,-1,,,,,
456808,Rep. Byron Donalds [R],Republican,-1,-1,-1,-1,-1,1,1,-1,1,-1,-1,-1,-1,-1,-1,-1,-1,-1,-1,-1,-1,,,,,
456809,Rep. Carlos Gimenez [R],Republican,-1,1,-1,-1,-1,1,1,-1,1,-1,-1,-1,-1,-1,-1,-1,-1,-1,-1,-1,-1,,,,,
456810,Rep. Maria Salazar [R],Republican,-1,1,-1,-1,-1,1,1,-1,1,-1,-1,-1,-1,-1,-1,-1,-1,-1,1,-1,-1,,,,,
456811,Rep. Nikema Williams [D],Democrat,1,1,1,1,1,1,1,1,-1,1,1,1,1,1,1,1,1,1,1,1,-1,,,,,
456812,Rep. Carolyn Bourdeaux [D],Democrat,1,1,1,1,1,1,1,1,-1,1,1,1,1,1,1,1,1,1,1,1,1,,,,,
456813,Rep. Andrew Clyde [R],Republican,-1,-1,-1,-1,-1,-1,1,-1,1,-1,-1,-1,-1,-1,-1,-1,-1,-1,-1,-1,1,,,,,
456814,Rep. Marjorie Greene [R],Republican,-1,-1,-1,-1,-1,0,-1,-1,1,-1,-1,-1,-1,-1,-1,-1,-1,-1,-1,-1,-1,,,,,
456815,Rep. Kaialiʻi Kahele [D],Democrat,1,1,1,1,1,1,1,1,-1,1,1,1,1,1,1,1,1,1,1,1,-1,,,,,
456816,Rep. Ashley Hinson [R],Republican,-1,-1,-1,-1,-1,1,1,-1,1,-1,-1,-1,-1,-1,-1,-1,-1,-1,-1,-1,1,,,,,
456817,Rep. Mariannette Miller-Meeks [R],Republican,-1,-1,-1,-1,-1,1,1,-1,1,-1,-1,-1,-1,-1,-1,-1,-1,-1,-1,-1,-1,,,,,
456818,Rep. Randy Feenstra [R],Republican,-1,-1,-1,-1,-1,1,1,-1,1,-1,-1,-1,-1,-1,-1,-1,-1,-1,-1,0,-1,,,,,
456819,Rep. Marie Newman [D],Democrat,1,1,1,1,1,1,1,1,-1,1,1,1,1,1,1,1,1,1,1,1,-1,,,,,
456820,Rep. Mary Miller [R],Republican,-1,-1,-1,-1,-1,-1,1,-1,1,-1,-1,-1,-1,-1,-1,-1,-1,-1,-1,-1,1,,,,,
456821,Rep. Frank Mrvan [D],Democrat,1,1,1,1,1,1,1,1,-1,1,1,1,1,1,1,1,1,1,1,1,-1,,,,,
456822,Rep. Victoria Spartz [R],Republican,-1,-1,-1,-1,-1,1,1,-1,1,-1,-1,-1,-1,-1,-1,-1,-1,-1,-1,-1,1,,,,,
456823,Rep. Tracey Mann [R],Republican,-1,-1,-1,-1,-1,-1,1,-1,1,-1,-1,-1,-1,-1,-1,-1,-1,-1,-1,-1,-1,,,,,
456824,Rep. Jacob “Jake” LaTurner [R],Republican,-1,-1,-1,-1,-1,1,1,-1,1,-1,-1,-1,-1,-1,-1,-1,-1,-1,-1,-1,-1,,,,,
456825,Rep. Jake Auchincloss [D],Democrat,1,1,1,1,1,1,1,1,-1,1,1,1,1,1,1,1,1,1,1,1,-1,,,,,
456826,Rep. Peter Meijer [R],Republican,-1,1,1,-1,-1,1,1,-1,1,-1,-1,-1,-1,-1,-1,-1,-1,-1,1,-1,1,,,,,
456827,Rep. Lisa McClain [R],Republican,-1,-1,-1,-1,-1,-1,1,-1,1,-1,-1,-1,-1,-1,-1,-1,-1,-1,-1,-1,-1,,,,,
456828,Rep. Michelle Fischbach [R],Republican,-1,-1,-1,-1,-1,-1,1,-1,1,-1,-1,-1,-1,-1,-1,-1,-1,-1,-1,-1,-1,,,,,
456829,Rep. Cori Bush [D],Democrat,1,-1,1,1,1,1,-1,1,-1,1,1,1,1,1,1,1,1,1,1,-1,-1,,,,,
456830,Rep. Matthew Rosendale Sr. [R],Republican,-1,-1,-1,-1,-1,-1,1,-1,1,-1,-1,-1,-1,-1,-1,-1,-1,-1,-1,-1,1,,,,,
456831,Rep. Deborah Ross [D],Democrat,1,1,1,1,1,1,1,1,-1,1,1,1,1,1,1,1,1,1,1,1,-1,,,,,
456832,Rep. Kathy Manning [D],Democrat,1,1,1,1,1,1,1,1,-1,1,1,1,1,1,1,1,1,1,1,1,1,,,,,
456833,Rep. David “Madison” Cawthorn [R],Republican,-1,-1,-1,-1,-1,1,1,-1,1,-1,-1,-1,-1,-1,-1,-1,-1,-1,-1,0,1,,,,,
456834,Rep. Yvette Herrell [R],Republican,-1,-1,-1,-1,-1,-1,1,-1,1,-1,-1,-1,-1,-1,-1,-1,-1,-1,-1,-1,-1,,,,,
456835,Rep. Teresa Leger Fernandez [D],Democrat,1,1,1,1,1,1,1,1,-1,1,1,1,1,1,1,1,1,1,1,1,-1,,,,,
456836,Rep. Andrew Garbarino [R],Republican,-1,-1,-1,-1,-1,1,1,-1,1,-1,-1,-1,-1,-1,-1,-1,-1,-1,-1,-1,1,,,,,
456837,Rep. Nicole Malliotakis [R],Republican,-1,-1,-1,-1,-1,1,1,-1,1,-1,-1,-1,-1,-1,-1,-1,-1,-1,-1,-1,-1,,,,,
456838,Rep. Ritchie Torres [D],Democrat,1,1,1,1,1,1,1,1,-1,1,1,1,1,1,1,1,1,1,1,1,-1,,,,,
456839,Rep. Jamaal Bowman [D],Democrat,1,1,1,1,1,1,1,1,-1,1,1,1,1,1,1,1,1,1,1,1,1,,,,,
456840,Rep. Mondaire Jones [D],Democrat,1,1,1,1,1,1,1,1,-1,1,1,1,1,1,1,1,1,1,1,1,1,,,,,
456841,Rep. Stephanie Bice [R],Republican,-1,-1,-1,-1,-1,1,1,-1,1,-1,-1,-1,-1,-1,-1,-1,-1,-1,-1,-1,1,,,,,
456842,Rep. Cliff Bentz [R],Republican,-1,-1,-1,-1,-1,-1,1,-1,1,-1,-1,-1,-1,-1,-1,-1,-1,-1,-1,-1,-1,,,,,
456843,Rep. Nancy Mace [R],Republican,-1,1,1,1,-1,1,1,-1,1,-1,-1,-1,-1,-1,-1,-1,-1,-1,-1,0,-1,,,,,
456844,Rep. Diana Harshbarger [R],Republican,-1,-1,-1,-1,-1,-1,1,-1,1,-1,-1,-1,-1,-1,-1,-1,-1,-1,-1,0,-1,,,,,
456845,Rep. Patrick “Pat” Fallon [R],Republican,-1,-1,-1,-1,-1,-1,1,-1,1,-1,-1,-1,-1,-1,-1,-1,-1,-1,-1,-1,-1,,,,,
456846,Rep. August Pfluger II [R],Republican,-1,-1,-1,-1,-1,1,1,-1,1,-1,-1,-1,-1,-1,-1,-1,-1,-1,-1,-1,-1,,,,,
456847,Rep. Ronny Jackson [R],Republican,-1,-1,-1,-1,-1,-1,1,-1,1,-1,-1,-1,-1,-1,-1,-1,-1,-1,-1,-1,-1,,,,,
456848,Rep. Troy Nehls [R],Republican,-1,-1,-1,-1,-1,-1,1,-1,1,-1,-1,-1,-1,-1,-1,-1,-1,-1,-1,-1,-1,,,,,
456849,Rep. Ernest “Tony” Gonzales [R],Republican,-1,-1,-1,-1,-1,1,1,-1,1,-1,-1,-1,-1,-1,-1,-1,-1,-1,-1,-1,-1,,,,,
456850,Rep. Beth Van Duyne [R],Republican,-1,1,-1,-1,-1,1,1,-1,1,-1,-1,-1,-1,-1,-1,-1,-1,-1,-1,-1,-1,,,,,
456851,Rep. Blake Moore [R],Republican,-1,-1,-1,-1,-1,1,0,-1,1,-1,-1,-1,-1,-1,-1,-1,-1,-1,-1,-1,-1,,,,,
456852,Rep. Clarence “Burgess” Owens [R],Republican,-1,-1,-1,-1,-1,1,1,-1,1,-1,-1,-1,-1,-1,-1,-1,-1,-1,-1,-1,-1,,,,,
456853,Rep. Robert “Bob” Good [R],Republican,-1,-1,-1,-1,-1,-1,1,-1,1,-1,-1,-1,-1,-1,-1,-1,-1,-1,-1,-1,-1,,,,,
456854,Rep. Marilyn Strickland [D],Democrat,1,1,1,1,1,1,1,1,-1,1,1,1,1,1,1,1,1,1,1,1,-1,,,,,
456855,Rep. Scott Fitzgerald [R],Republican,-1,-1,-1,-1,-1,-1,1,-1,1,-1,-1,-1,-1,-1,-1,-1,-1,-1,-1,-1,1,,,,,
456859,Rep. Julia Letlow [R],Republican,-1,-1,-1,-1,-1,1,1,-1,1,-1,-1,-1,-1,-1,-1,-1,-1,-1,-1,-1,-1,,,,,
456860,Rep. Troy Carter [D],Democrat,1,1,1,1,1,1,1,1,-1,1,1,1,1,1,1,1,1,1,1,1,-1,,,,,
456861,Rep. Melanie Stansbury [D],Democrat,1,1,1,1,1,1,1,1,-1,1,1,1,1,0,1,1,1,1,1,1,1,,,,,
456862,Rep. Jake Ellzey [R],Republican,-1,-1,-1,-1,-1,-1,1,-1,1,-1,-1,-1,-1,-1,-1,-1,-1,-1,-1,-1,1,,,,,
456863,Rep. Shontel Brown [D],Democrat,1,1,1,1,1,1,1,1,-1,1,1,1,1,1,1,1,1,1,1,1,-1,,,,,
456864,Rep. Mike Carey [R],Republican,-1,-1,-1,-1,-1,-1,1,-1,1,-1,-1,-1,-1,-1,-1,-1,-1,-1,-1,-1,1,,,,,
456865,Rep. Sheila Cherfilus-McCormick [D],Democrat,1,1,1,1,1,1,1,1,-1,1,1,1,1,1,1,1,1,1,1,1,-1,,,,,
,,,,,,,,,,,,,,,,,,,,,,,,,,,,
,,,,,,,,,,,,,,,,,,,,,,,,,,,,
,,,,,,,,,,,,,,,,,,,,,,,,,,,,
,,,,,,,,,,,,,,,,,,,,,,,,,,,,