person,99_vote,103_vote,104_vote,105_vote,107_vote,108_vote,name
400004,-1,-1,-1,-1,-1,-1,Rep. Robert Aderholt [R]
400030,1,1,1,1,1,1,Rep. Sanford Bishop Jr. [D]
400033,1,1,1,1,1,1,Rep. Earl Blumenauer [D]
400046,0,-1,-1,-1,-1,0,Rep. Kevin Brady [R]
400052,-1,-1,-1,-1,-1,1,Rep. Michael Burgess [R]
400057,-1,1,-1,-1,-1,1,Rep. Ken Calvert [R]
400068,-1,-1,-1,-1,-1,1,Rep. John Carter [R]
400069,1,1,1,-1,1,1,Rep. Ed Case [D]
400071,-1,-1,-1,-1,-1,-1,Rep. Steve Chabot [R]
400075,1,1,1,1,1,1,Rep. James “Jim” Clyburn [D]
400077,-1,-1,-1,-1,-1,1,Rep. Tom Cole [R]
400081,1,1,1,1,1,1,Rep. Jim Cooper [D]
400093,1,1,1,1,1,1,Rep. Danny Davis [D]
400100,1,1,1,1,1,1,Rep. Peter DeFazio [D]
400101,1,1,1,1,1,1,Rep. Diana DeGette [D]
400103,1,1,1,1,1,1,Rep. Rosa DeLauro [D]
400108,-1,-1,-1,-1,-1,1,Rep. Mario Diaz-Balart [R]
400111,1,1,1,1,1,1,Rep. Lloyd Doggett [D]
400114,1,1,1,1,1,1,Rep. Michael Doyle [D]
400124,1,1,1,1,1,1,Rep. Anna Eshoo [D]
400157,-1,-1,-1,-1,-1,1,Rep. Kay Granger [R]
400158,-1,1,-1,-1,-1,1,Rep. Sam Graves [R]
400162,1,1,1,1,1,0,Rep. Raúl Grijalva [D]
400189,1,1,1,1,1,1,Rep. Steny Hoyer [D]
400196,-1,-1,-1,-1,-1,1,Rep. Darrell Issa [R]
400199,1,1,1,1,1,1,Rep. Sheila Jackson Lee [D]
400204,1,1,1,1,1,1,Rep. Eddie Johnson [D]
400211,1,1,1,1,1,1,Rep. Marcy Kaptur [D]
400218,1,1,1,1,1,1,Rep. Ron Kind [D]
400230,1,1,1,1,1,1,Rep. James “Jim” Langevin [D]
400232,1,1,1,1,1,1,Rep. Rick Larsen [D]
400233,1,1,1,1,1,1,Rep. John Larson [D]
400237,1,1,1,1,1,1,Rep. Barbara Lee [D]
400245,1,1,1,1,1,1,Rep. Zoe Lofgren [D]
400247,-1,-1,-1,-1,-1,-1,Rep. Frank Lucas [R]
400249,1,1,1,1,1,1,Rep. Stephen Lynch [D]
400251,1,1,1,1,1,1,Rep. Carolyn Maloney [D]
400259,1,1,1,1,1,1,Rep. Betty McCollum [D]
400263,1,1,1,1,1,1,Rep. James “Jim” McGovern [D]
400271,1,1,1,1,1,0,Rep. Gregory Meeks [D]
400289,1,1,1,1,1,0,Rep. Jerrold Nadler [D]
400290,1,1,1,1,1,1,Rep. Grace Napolitano [D]
400291,1,1,1,1,1,1,Rep. Richard Neal [D]
400308,1,1,1,1,1,1,Rep. Frank Pallone Jr. [D]
400309,1,1,1,1,1,1,Rep. Bill Pascrell Jr. [D]
400326,1,1,1,1,1,1,Rep. David Price [D]
400340,-1,-1,-1,-1,-1,1,Rep. Harold “Hal” Rogers [R]
400341,-1,-1,-1,-1,-1,1,Rep. Mike Rogers [R]
400347,1,1,1,1,1,1,Rep. Lucille Roybal-Allard [D]
400349,1,1,1,1,1,1,Rep. A. Dutch Ruppersberger [D]
400350,1,1,1,1,1,1,Rep. Bobby Rush [D]
400352,1,1,1,1,1,1,Rep. Tim Ryan [D]
400355,1,1,1,1,1,1,Rep. Linda Sánchez [D]
400360,1,1,1,1,1,1,Rep. Janice “Jan” Schakowsky [D]
400361,1,1,1,1,1,1,Rep. Adam Schiff [D]
400363,1,1,1,1,1,1,Rep. David Scott [D]
400364,1,1,1,1,1,1,Rep. Robert “Bobby” Scott [D]
400367,-1,-1,-1,-1,-1,-1,Rep. Pete Sessions [R]
400371,1,1,1,1,1,1,Rep. Brad Sherman [D]
400376,-1,-1,-1,-1,-1,-1,Rep. Michael “Mike” Simpson [R]
400379,1,1,1,1,1,1,Rep. Adam Smith [D]
400380,-1,1,-1,-1,-1,1,Rep. Christopher “Chris” Smith [R]
400402,1,1,1,1,1,1,Rep. Bennie Thompson [D]
400403,1,1,1,1,1,1,Rep. Mike Thompson [D]
400411,-1,-1,-1,-1,-1,1,Rep. Michael Turner [R]
400414,-1,1,1,-1,-1,1,Rep. Fred Upton [R]
400416,1,1,1,1,1,1,Rep. Nydia Velázquez [D]
400422,1,1,1,1,1,1,Rep. Maxine Waters [D]
400433,-1,-1,-1,-1,-1,-1,Rep. Joe Wilson [R]
400616,1,1,1,1,1,1,Rep. George “G.K.” Butterfield Jr. [D]
400618,1,1,1,1,1,1,Rep. Jim Costa [D]
400623,1,1,1,1,1,1,Rep. Debbie Wasserman Schultz [D]
400639,1,1,1,1,1,1,Rep. Emanuel Cleaver II [D]
400641,1,1,1,1,1,1,Rep. Brian Higgins [D]
400643,-1,-1,-1,-1,-1,-1,Rep. Virginia Foxx [R]
400644,-1,-1,-1,-1,-1,1,Rep. Patrick McHenry [R]
400651,-1,-1,-1,-1,-1,-1,Rep. Louie Gohmert Jr. [R]
400653,1,1,1,1,1,1,Rep. Al Green [D]
400654,-1,-1,-1,-1,-1,1,Rep. Michael McCaul [R]
400657,1,1,1,1,-1,1,Rep. Henry Cuellar [D]
400659,-1,-1,-1,-1,-1,1,Rep. Cathy Rodgers [R]
400661,1,1,1,1,1,1,Rep. Gwen Moore [D]
400663,1,1,1,1,1,1,Rep. Doris Matsui [D]
407672,1,1,1,1,1,1,Rep. Kweisi Mfume [D]
412186,1,1,1,1,1,1,Rep. Albio Sires [D]
412189,1,1,1,1,1,1,Rep. Jerry McNerney [D]
412190,-1,-1,-1,-1,-1,1,Rep. Kevin McCarthy [R]
412191,-1,1,-1,-1,-1,1,Rep. Doug Lamborn [R]
412192,1,1,1,1,1,1,Rep. Ed Perlmutter [D]
412193,1,1,1,1,1,1,Rep. Joe Courtney [D]
412195,1,1,1,1,1,1,Rep. Kathy Castor [D]
412196,-1,-1,-1,-1,-1,-1,Rep. Vern Buchanan [R]
412199,1,1,1,1,1,1,Rep. Henry “Hank” Johnson Jr. [D]
412211,1,1,1,1,1,1,Rep. John Yarmuth [D]
412212,1,1,1,1,1,1,Rep. John Sarbanes [D]
412213,-1,-1,-1,-1,-1,1,Rep. Tim Walberg [R]
412217,-1,0,-1,-1,-1,-1,Rep. Adrian Smith [R]
412221,1,1,1,1,1,1,Rep. Yvette Clarke [D]
412226,-1,-1,-1,-1,-1,-1,Rep. Jim Jordan [R]
412236,1,-1,1,1,1,1,Rep. Steve Cohen [D]
412239,1,1,1,1,1,1,Rep. Peter Welch [D]
412250,-1,-1,-1,-1,-1,1,Rep. Gus Bilirakis [R]
412255,-1,-1,-1,-1,-1,1,Rep. Robert Wittman [R]
412256,-1,-1,-1,-1,-1,-1,Rep. Robert Latta [R]
412257,1,0,1,1,1,1,Rep. Bill Foster [D]
412258,1,1,1,1,1,1,Rep. André Carson [D]
412259,1,1,1,1,1,1,Rep. Jackie Speier [D]
412261,-1,-1,-1,-1,-1,1,Rep. Steve Scalise [R]
412272,1,1,1,1,1,1,Rep. Gerald Connolly [D]
412278,-1,-1,-1,-1,-1,1,Rep. Brett Guthrie [R]
412282,1,1,1,1,1,1,Rep. James “Jim” Himes [D]
412286,1,1,1,1,1,1,Rep. Ann Kirkpatrick [D]
412292,-1,-1,-1,-1,-1,1,Rep. Blaine Luetkemeyer [R]
412295,-1,1,-1,-1,1,1,Rep. Tom McClintock [R]
412307,1,1,1,1,1,1,Rep. Chellie Pingree [D]
412309,-1,-1,-1,-1,-1,-1,Rep. Bill Posey [R]
412315,1,1,1,1,1,1,Rep. Kurt Schrader [D]
412317,-1,0,-1,-1,-1,1,Rep. Glenn Thompson [R]
412318,1,1,1,1,1,1,Rep. Dina Titus [D]
412319,0,1,1,1,1,1,Rep. Paul Tonko [D]
412331,1,1,1,1,1,1,Rep. Mike Quigley [D]
412379,1,1,1,1,1,1,Rep. Judy Chu [D]
412382,1,1,1,1,1,1,Rep. John Garamendi [D]
412385,1,1,1,1,1,1,Rep. Theodore “Ted” Deutch [D]
412393,-1,1,1,-1,-1,1,Rep. Tom Reed [R]
412395,-1,-1,-1,-1,-1,1,Rep. Mo Brooks [R]
412396,1,1,1,1,1,1,Rep. Terri Sewell [D]
412397,-1,-1,-1,-1,-1,-1,Rep. Paul Gosar [R]
412399,-1,-1,-1,-1,-1,1,Rep. David Schweikert [R]
412400,-1,-1,-1,-1,-1,-1,Rep. Eric “Rick” Crawford [R]
412402,-1,-1,-1,-1,-1,1,Rep. Steve Womack [R]
412404,1,1,1,1,1,1,Rep. Karen Bass [D]
412410,-1,-1,-1,-1,-1,-1,Rep. Daniel Webster [R]
412412,1,1,1,1,1,1,Rep. Frederica Wilson [D]
412417,-1,-1,-1,-1,-1,1,Rep. Austin Scott [R]
412421,0,0,0,0,-1,1,Rep. Adam Kinzinger [R]
412427,-1,1,-1,-1,-1,1,Rep. Larry Bucshon [R]
412434,-1,-1,-1,-1,-1,1,Rep. Andy Harris [R]
412435,1,1,1,1,1,1,Rep. William Keating [D]
412437,-1,-1,-1,-1,-1,1,Rep. Bill Huizenga [R]
412443,-1,-1,1,-1,-1,-1,Rep. Steven Palazzo [R]
412444,0,1,-1,-1,-1,1,Rep. Vicky Hartzler [R]
412445,-1,-1,-1,-1,-1,1,Rep. Billy Long [R]
412460,-1,1,1,-1,-1,1,Rep. Bill Johnson [R]
412463,-1,-1,-1,-1,-1,-1,Rep. Bob Gibbs [R]
412465,-1,-1,-1,-1,-1,1,Rep. Mike Kelly [R]
412470,1,1,1,1,1,1,Rep. David Cicilline [D]
412472,-1,-1,-1,-1,-1,-1,Rep. Jeff Duncan [R]
412476,-1,-1,-1,-1,-1,1,Rep. Charles “Chuck” Fleischmann [R]
412477,-1,-1,-1,-1,-1,1,Rep. Scott DesJarlais [R]
412485,-1,1,1,-1,-1,1,Rep. Morgan Griffith [R]
412486,-1,-1,-1,-1,-1,1,Rep. Jaime Herrera Beutler [R]
412487,-1,-1,-1,-1,-1,-1,Rep. David McKinley [R]
412500,-1,-1,-1,-1,-1,1,Rep. Mark Amodei [R]
412501,1,1,1,1,1,1,Rep. Suzanne Bonamici [D]
412503,-1,-1,-1,-1,-1,1,Rep. Thomas Massie [R]
412505,1,1,1,1,1,1,Rep. Suzan DelBene [D]
412506,1,1,1,1,1,1,Rep. Donald Payne Jr. [D]
412510,-1,-1,-1,-1,-1,-1,Rep. Doug LaMalfa [R]
412511,1,1,1,1,1,1,Rep. Jared Huffman [D]
412512,1,1,1,1,1,1,Rep. Ami Bera [D]
412514,1,1,1,1,1,1,Rep. Eric Swalwell [D]
412515,-1,1,-1,-1,-1,1,Rep. David Valadao [R]
412516,1,1,1,1,1,1,Rep. Julia Brownley [D]
412517,1,1,1,1,1,1,Rep. Tony Cárdenas [D]
412519,1,1,1,1,1,1,Rep. Raul Ruiz [D]
412520,1,1,1,1,1,1,Rep. Mark Takano [D]
412521,1,-1,1,1,1,1,Rep. Alan Lowenthal [D]
412522,1,1,1,1,1,1,Rep. Juan Vargas [D]
412523,1,1,1,1,1,1,Rep. Scott Peters [D]
412529,1,1,1,1,1,1,Rep. Lois Frankel [D]
412534,1,1,1,1,1,1,Rep. Bradley “Brad” Schneider [D]
412536,-1,0,-1,-1,-1,1,Rep. Rodney Davis [R]
412537,0,0,0,0,0,1,Rep. Cheri Bustos [D]
412538,-1,-1,-1,-1,-1,-1,Rep. Jackie Walorski [R]
412541,-1,-1,-1,-1,-1,1,Rep. Garland “Andy” Barr [R]
412546,1,1,1,1,1,1,Rep. Daniel Kildee [D]
412548,-1,1,-1,-1,-1,1,Rep. Ann Wagner [R]
412550,-1,-1,-1,-1,-1,-1,Rep. Richard Hudson [R]
412557,1,1,1,1,1,1,Rep. Ann Kuster [D]
412559,1,1,1,1,1,1,Rep. Steven Horsford [D]
412560,1,1,1,1,1,1,Rep. Grace Meng [D]
412561,1,1,1,1,1,1,Rep. Hakeem Jeffries [D]
412562,1,1,1,1,1,1,Rep. Sean Maloney [D]
412564,-1,-1,-1,-1,-1,-1,Rep. Brad Wenstrup [R]
412565,1,1,1,1,1,1,Rep. Joyce Beatty [D]
412566,-1,1,1,-1,-1,1,Rep. David Joyce [R]
412568,-1,-1,-1,-1,-1,-1,Rep. Markwayne Mullin [R]
412569,-1,-1,-1,-1,-1,-1,Rep. Scott Perry [R]
412571,1,1,1,1,1,1,Rep. Matthew “Matt” Cartwright [D]
412572,-1,-1,-1,-1,-1,1,Rep. Tom Rice [R]
412574,-1,-1,-1,-1,-1,-1,Rep. Randy Weber Sr. [R]
412576,1,1,1,1,1,1,Rep. Joaquin Castro [D]
412578,-1,-1,-1,-1,-1,-1,Rep. Roger Williams [R]
412579,1,1,1,1,1,1,Rep. Marc Veasey [D]
412581,-1,-1,-1,-1,-1,1,Rep. Chris Stewart [R]
412583,1,1,1,1,1,1,Rep. Derek Kilmer [D]
412585,1,-1,-1,1,1,1,Rep. Mark Pocan [D]
412595,1,1,1,1,1,1,Rep. Robin Kelly [D]
412596,-1,-1,-1,-1,-1,1,Rep. Jason Smith [R]
412600,1,1,1,1,1,1,Rep. Katherine Clark [D]
412606,1,1,1,1,1,1,Rep. Donald Norcross [D]
412607,1,1,1,1,1,1,Rep. Alma Adams [D]
412608,-1,-1,-1,-1,-1,-1,Rep. Gary Palmer [R]
412609,-1,-1,-1,-1,-1,1,Rep. French Hill [R]
412610,-1,-1,-1,-1,-1,-1,Rep. Bruce Westerman [R]
412612,1,1,1,1,1,1,Rep. Ruben Gallego [D]
412613,1,1,1,1,1,1,Rep. Mark DeSaulnier [D]
412615,1,1,1,1,1,1,Rep. Pete Aguilar [D]
412616,1,1,1,1,1,1,Rep. Ted Lieu [D]
412617,1,1,1,1,1,1,Rep. Norma Torres [D]
412619,-1,-1,-1,-1,-1,1,Rep. Ken Buck [R]
412622,-1,-1,-1,-1,-1,1,Rep. Earl “Buddy” Carter [R]
412623,-1,-1,-1,-1,-1,0,Rep. Jody Hice [R]
412624,-1,-1,-1,-1,-1,1,Rep. Barry Loudermilk [R]
412625,-1,-1,-1,-1,-1,-1,Rep. Rick Allen [R]
412629,-1,-1,-1,-1,-1,1,Rep. Mike Bost [R]
412631,-1,1,-1,-1,-1,1,Rep. Garret Graves [R]
412632,1,1,1,1,1,1,Rep. Seth Moulton [D]
412634,-1,-1,-1,-1,-1,1,Rep. John Moolenaar [R]
412637,1,1,1,1,1,1,Rep. Debbie Dingell [D]
412638,1,1,1,1,1,1,Rep. Brenda Lawrence [D]
412639,-1,-1,-1,-1,-1,0,Rep. Tom Emmer [R]
412641,-1,-1,-1,-1,-1,-1,Rep. David Rouzer [R]
412644,1,1,1,1,1,1,Rep. Bonnie Watson Coleman [D]
412646,0,-1,-1,-1,0,0,Rep. Lee Zeldin [R]
412647,1,1,1,1,1,1,Rep. Kathleen Rice [D]
412648,-1,-1,-1,-1,-1,-1,Rep. Elise Stefanik [R]
412649,-1,1,1,-1,-1,0,Rep. John Katko [R]
412652,1,1,1,1,1,1,Rep. Brendan Boyle [D]
412655,-1,-1,-1,-1,-1,-1,Rep. Brian Babin [R]
412657,1,1,1,1,1,1,Rep. Donald Beyer Jr. [D]
412660,-1,1,1,-1,-1,1,Rep. Dan Newhouse [R]
412661,-1,-1,1,-1,-1,1,Rep. Glenn Grothman [R]
412662,-1,-1,-1,-1,-1,-1,Rep. Alexander Mooney [R]
412673,-1,-1,-1,-1,-1,-1,Rep. Trent Kelly [R]
412674,-1,-1,-1,-1,-1,1,Rep. Darin LaHood [R]
412675,-1,-1,-1,-1,-1,1,Rep. Warren Davidson [R]
412676,-1,-1,-1,-1,-1,1,Rep. James Comer [R]
412677,1,1,1,1,1,1,Rep. Dwight Evans [D]
412682,1,1,1,-1,1,1,Rep. Tom O’Halleran [D]
412683,-1,-1,-1,-1,-1,-1,Rep. Andy Biggs [R]
412684,1,1,1,1,1,1,Rep. Ro Khanna [D]
412685,1,1,1,-1,1,1,Rep. Jimmy Panetta [D]
412686,1,1,1,1,1,1,Rep. Salud Carbajal [D]
412687,1,1,1,1,1,1,Rep. Nanette Barragán [D]
412688,1,1,1,1,1,1,Rep. Luis Correa [D]
412689,1,1,1,1,1,1,Rep. Lisa Blunt Rochester [D]
412690,-1,-1,-1,1,1,1,Rep. Matt Gaetz [R]
412691,-1,-1,-1,-1,-1,1,Rep. Neal Dunn [R]
412692,-1,1,-1,-1,-1,1,Rep. John Rutherford [R]
412693,1,1,1,1,1,1,Rep. Al Lawson Jr. [D]
412694,1,1,1,-1,1,1,Rep. Stephanie Murphy [D]
412695,1,1,1,1,1,1,Rep. Darren Soto [D]
412696,1,1,1,-1,1,1,Rep. Val Demings [D]
412697,1,1,1,1,1,1,Rep. Charlie Crist [D]
412698,-1,-1,-1,-1,1,1,Rep. Brian Mast [R]
412700,-1,1,-1,-1,-1,1,Rep. Drew Ferguson IV [R]
412701,1,1,1,1,1,1,Rep. Raja Krishnamoorthi [D]
412702,-1,-1,-1,-1,-1,-1,Rep. Jim Banks [R]
412703,0,0,1,-1,-1,1,Rep. Trey Hollingsworth [R]
412705,-1,1,-1,-1,-1,1,Rep. Clay Higgins [R]
412706,-1,0,0,0,0,-1,Rep. Mike Johnson [R]
412707,1,1,1,1,1,1,Rep. Anthony Brown [D]
412708,1,1,1,1,1,1,Rep. Jamie Raskin [D]
412709,-1,-1,-1,-1,-1,1,Rep. Jack Bergman [R]
412712,-1,0,0,0,0,-1,Rep. Ted Budd [R]
412713,-1,-1,-1,-1,-1,1,Rep. Don Bacon [R]
412714,1,1,1,-1,1,1,Rep. Josh Gottheimer [D]
412717,1,1,1,1,1,1,Rep. Thomas Suozzi [D]
412718,1,1,1,1,1,1,Rep. Adriano Espaillat [D]
412720,-1,-1,-1,-1,-1,1,Rep. Claudia Tenney [R]
412721,-1,1,1,-1,-1,1,Rep. Brian Fitzpatrick [R]
412722,-1,-1,-1,-1,-1,1,Rep. Lloyd Smucker [R]
412724,-1,-1,-1,-1,-1,-1,Rep. David Kustoff [R]
412725,1,1,1,1,1,1,Rep. Vicente Gonzalez [D]
412726,-1,0,-1,-1,-1,-1,Rep. Jodey Arrington [R]
412728,1,1,1,1,1,1,Rep. Donald McEachin [D]
412730,1,1,1,1,1,1,Rep. Pramila Jayapal [D]
412731,-1,-1,-1,-1,-1,-1,Rep. Mike Gallagher [R]
412732,0,0,0,0,0,-1,Rep. Liz Cheney [R]
412735,-1,-1,-1,-1,-1,-1,Rep. Ron Estes [R]
412738,-1,-1,-1,-1,-1,-1,Rep. Ralph Norman [R]
412739,1,1,1,1,1,1,Rep. Jimmy Gomez [D]
412740,-1,-1,-1,-1,-1,1,Rep. John Curtis [R]
412744,1,1,1,1,1,1,Rep. Conor Lamb [D]
412745,-1,-1,-1,-1,-1,-1,Rep. Debbie Lesko [R]
412746,-1,-1,-1,-1,-1,-1,Rep. Michael Cloud [R]
412747,-1,-1,-1,-1,-1,1,Rep. Troy Balderson [R]
412748,-1,-1,-1,-1,-1,-1,Rep. Kevin Hern [R]
412749,1,1,1,1,1,1,Rep. Joseph Morelle [D]
412750,1,1,1,1,1,1,Rep. Mary Scanlon [D]
412751,1,1,1,1,1,1,Rep. Susan Wild [D]
412753,1,1,1,1,1,1,Rep. Greg Stanton [D]
412754,1,1,1,1,1,1,Rep. Josh Harder [D]
412758,1,1,1,1,1,1,Rep. Katie Porter [D]
412760,1,1,1,1,1,1,Rep. Mike Levin [D]
412761,1,1,1,1,1,1,Rep. Joe Neguse [D]
412762,1,1,1,1,1,1,Rep. Jason Crow [D]
412763,1,1,1,1,1,1,Rep. Jahana Hayes [D]
412764,-1,-1,-1,-1,-1,1,Rep. Michael Waltz [R]
412766,-1,-1,-1,-1,-1,1,Rep. Gregory Steube [R]
412769,1,1,1,1,1,1,Rep. Lucy McBath [D]
412772,1,1,1,1,1,1,Rep. Cynthia Axne [D]
412773,-1,-1,-1,-1,-1,-1,Rep. Russ Fulcher [R]
412774,1,1,1,1,1,1,Rep. Jesús “Chuy” García [D]
412775,1,1,1,1,1,1,Rep. Sean Casten [D]
412776,1,1,1,1,1,1,Rep. Lauren Underwood [D]
412777,-1,-1,-1,-1,-1,1,Rep. James Baird [R]
412778,-1,-1,-1,-1,-1,1,Rep. Greg Pence [R]
412780,1,1,1,1,1,1,Rep. Sharice Davids [D]
412781,1,1,1,1,1,1,Rep. Lori Trahan [D]
412782,1,1,1,1,1,1,Rep. Ayanna Pressley [D]
412783,1,1,1,1,1,1,Rep. David Trone [D]
412784,1,1,1,-1,1,1,Rep. Elissa Slotkin [D]
412785,1,1,1,1,1,1,Rep. Andy Levin [D]
412786,1,1,1,1,1,1,Rep. Haley Stevens [D]
412787,1,-1,1,1,1,1,Rep. Rashida Tlaib [D]
412789,1,1,1,1,1,1,Rep. Angie Craig [D]
412790,1,1,1,1,1,1,Rep. Dean Phillips [D]
412791,1,1,1,1,1,1,Rep. Ilhan Omar [D]
412792,-1,1,-1,-1,-1,-1,Rep. Pete Stauber [R]
412793,-1,-1,-1,-1,-1,0,Rep. Michael Guest [R]
412794,0,-1,-1,-1,-1,1,Rep. Kelly Armstrong [R]
412795,1,1,1,1,-1,1,Rep. Chris Pappas [D]
412796,-1,-1,-1,-1,-1,-1,Rep. Jefferson Van Drew [R]
412797,1,1,1,1,1,1,Rep. Andy Kim [D]
412798,1,1,1,-1,1,1,Rep. Tom Malinowski [D]
412799,1,1,1,1,1,1,Rep. Mikie Sherrill [D]
412802,1,1,1,-1,1,1,Rep. Susie Lee [D]
412804,1,-1,1,1,1,1,Rep. Alexandria Ocasio-Cortez [D]
412805,1,1,1,1,1,1,Rep. Antonio Delgado [D]
412807,-1,0,0,0,-1,0,Rep. Anthony Gonzalez [R]
412809,1,1,1,1,1,1,Rep. Madeleine Dean [D]
412810,1,1,1,1,1,1,Rep. Chrissy Houlahan [D]
412811,-1,-1,-1,-1,-1,1,Rep. Daniel Meuser [R]
412812,-1,-1,-1,-1,-1,-1,Rep. John Joyce [R]
412813,-1,-1,-1,-1,-1,1,Rep. Guy Reschenthaler [R]
412815,-1,-1,-1,-1,-1,-1,Rep. William Timmons [R]
412816,-1,1,1,-1,-1,1,Rep. Dusty Johnson [R]
412817,-1,-1,-1,-1,-1,1,Rep. Tim Burchett [R]
412818,-1,-1,-1,-1,-1,-1,Rep. John Rose [R]
412819,-1,-1,-1,-1,-1,1,Rep. Mark Green [R]
412820,-1,-1,-1,-1,-1,1,Rep. Dan Crenshaw [R]
412821,-1,-1,-1,-1,-1,1,Rep. Van Taylor [R]
412822,-1,-1,-1,-1,-1,-1,Rep. Lance Gooden [R]
412824,1,1,1,1,1,1,Rep. Lizzie Fletcher [D]
412825,1,1,1,1,1,1,Rep. Veronica Escobar [D]
412826,-1,-1,-1,-1,-1,-1,Rep. Chip Roy [R]
412827,1,1,1,1,1,1,Rep. Sylvia Garcia [D]
412828,1,1,1,1,1,1,Rep. Colin Allred [D]
412830,1,1,1,1,1,1,Rep. Elaine Luria [D]
412832,-1,-1,-1,-1,-1,1,Rep. Ben Cline [R]
412833,1,1,1,-1,1,1,Rep. Abigail Spanberger [D]
412834,1,1,1,-1,1,1,Rep. Jennifer Wexton [D]
412835,1,1,1,-1,1,1,Rep. Kim Schrier [D]
412836,-1,-1,-1,-1,-1,1,Rep. Bryan Steil [R]
412837,-1,-1,-1,-1,-1,1,Rep. Carol Miller [R]
412842,1,1,1,1,1,1,Rep. Jared Golden [D]
412843,-1,-1,-1,-1,-1,1,Rep. Fred Keller [R]
412844,-1,-1,-1,-1,-1,-1,Rep. Dan Bishop [R]
412845,-1,1,-1,-1,-1,1,Rep. Gregory Murphy [R]
456791,-1,-1,-1,-1,-1,1,Rep. Thomas Tiffany [R]
456792,-1,1,-1,-1,-1,1,Rep. Mike Garcia [R]
456793,-1,-1,-1,-1,-1,1,Rep. Chris Jacobs [R]
456799,-1,-1,-1,-1,-1,-1,Rep. Jerry Carl Jr. [R]
456800,-1,-1,-1,-1,-1,1,Rep. Barry Moore [R]
456801,-1,1,1,-1,-1,1,Rep. Jay Obernolte [R]
456802,-1,1,1,-1,-1,1,Rep. Young Kim [R]
456803,-1,-1,-1,-1,-1,1,Rep. Michelle Steel [R]
456804,1,0,1,1,1,1,Rep. Sara Jacobs [D]
456805,-1,0,-1,-1,-1,1,Rep. Lauren Boebert [R]
456806,-1,-1,-1,-1,-1,1,Rep. Katherine “Kat” Cammack [R]
456807,-1,-1,-1,-1,-1,1,Rep. Scott Franklin [R]
456808,-1,-1,-1,-1,-1,1,Rep. Byron Donalds [R]
456809,-1,1,-1,-1,-1,1,Rep. Carlos Gimenez [R]
456810,-1,1,-1,-1,-1,1,Rep. Maria Salazar [R]
456811,1,1,1,1,1,1,Rep. Nikema Williams [D]
456812,1,1,1,1,1,1,Rep. Carolyn Bourdeaux [D]
456813,-1,-1,-1,-1,-1,-1,Rep. Andrew Clyde [R]
456814,-1,-1,-1,-1,-1,0,Rep. Marjorie Greene [R]
456815,1,1,1,1,1,1,Rep. Kaialiʻi Kahele [D]
456816,-1,-1,-1,-1,-1,1,Rep. Ashley Hinson [R]
456817,-1,-1,-1,-1,-1,1,Rep. Mariannette Miller-Meeks [R]
456818,-1,-1,-1,-1,-1,1,Rep. Randy Feenstra [R]
456819,1,1,1,1,1,1,Rep. Marie Newman [D]
456820,-1,-1,-1,-1,-1,-1,Rep. Mary Miller [R]
456821,1,1,1,1,1,1,Rep. Frank Mrvan [D]
456822,-1,-1,-1,-1,-1,1,Rep. Victoria Spartz [R]
456823,-1,-1,-1,-1,-1,-1,Rep. Tracey Mann [R]
456824,-1,-1,-1,-1,-1,1,Rep. Jacob “Jake” LaTurner [R]
456825,1,1,1,1,1,1,Rep. Jake Auchincloss [D]
456826,-1,1,1,-1,-1,1,Rep. Peter Meijer [R]
456827,-1,-1,-1,-1,-1,-1,Rep. Lisa McClain [R]
456828,-1,-1,-1,-1,-1,-1,Rep. Michelle Fischbach [R]
456829,1,-1,1,1,1,1,Rep. Cori Bush [D]
456830,-1,-1,-1,-1,-1,-1,Rep. Matthew Rosendale Sr. [R]
456831,1,1,1,1,1,1,Rep. Deborah Ross [D]
456832,1,1,1,1,1,1,Rep. Kathy Manning [D]
456833,-1,-1,-1,-1,-1,1,Rep. David “Madison” Cawthorn [R]
456834,-1,-1,-1,-1,-1,-1,Rep. Yvette Herrell [R]
456835,1,1,1,1,1,1,Rep. Teresa Leger Fernandez [D]
456836,-1,-1,-1,-1,-1,1,Rep. Andrew Garbarino [R]
456837,-1,-1,-1,-1,-1,1,Rep. Nicole Malliotakis [R]
456838,1,1,1,1,1,1,Rep. Ritchie Torres [D]
456839,1,1,1,1,1,1,Rep. Jamaal Bowman [D]
456840,1,1,1,1,1,1,Rep. Mondaire Jones [D]
456841,-1,-1,-1,-1,-1,1,Rep. Stephanie Bice [R]
456842,-1,-1,-1,-1,-1,-1,Rep. Cliff Bentz [R]
456843,-1,1,1,1,-1,1,Rep. Nancy Mace [R]
456844,-1,-1,-1,-1,-1,-1,Rep. Diana Harshbarger [R]
456845,-1,-1,-1,-1,-1,-1,Rep. Patrick “Pat” Fallon [R]
456846,-1,-1,-1,-1,-1,1,Rep. August Pfluger II [R]
456847,-1,-1,-1,-1,-1,-1,Rep. Ronny Jackson [R]
456848,-1,-1,-1,-1,-1,-1,Rep. Troy Nehls [R]
456849,-1,-1,-1,-1,-1,1,Rep. Ernest “Tony” Gonzales [R]
456850,-1,1,-1,-1,-1,1,Rep. Beth Van Duyne [R]
456851,-1,-1,-1,-1,-1,1,Rep. Blake Moore [R]
456852,-1,-1,-1,-1,-1,1,Rep. Clarence “Burgess” Owens [R]
456853,-1,-1,-1,-1,-1,-1,Rep. Robert “Bob” Good [R]
456854,1,1,1,1,1,1,Rep. Marilyn Strickland [D]
456855,-1,-1,-1,-1,-1,-1,Rep. Scott Fitzgerald [R]
456859,-1,-1,-1,-1,-1,1,Rep. Julia Letlow [R]
456860,1,1,1,1,1,1,Rep. Troy Carter [D]
456861,1,1,1,1,1,1,Rep. Melanie Stansbury [D]
456862,-1,-1,-1,-1,-1,-1,Rep. Jake Ellzey [R]
456863,1,1,1,1,1,1,Rep. Shontel Brown [D]
456864,-1,-1,-1,-1,-1,-1,Rep. Mike Carey [R]
456865,1,1,1,1,1,1,Rep. Sheila Cherfilus-McCormick [D]
,,,,,,,
,,,,,,,